"id","citations","publication_year","journal","authors","title","doi","matched_term","context_mentions"
"https://openalex.org/W1498339752",1916,2001,"Choice Reviews Online","Unknown Author","Parties without partisans: political change in advanced industrial democracies","https://doi.org/10.5860/choice.39-1833","party decline","MES: CHANGING PARTY PROFILES AND PARTISAN INFLUENCE OVER POLICY CHAPTER 11 ON THE PRIMACY OF PARTY IN GOVERNMENT: WHY LEGISLATIVE PARTIES CAN SURVIVE PARTY DECLINE IN THE ELECTORATE CONCLUSION CHAPTER 12 PARTISAN CHANGE AND THE DEMOCRATIC PROCESS"
"https://openalex.org/W2123295839",1045,2001,"American Political Science Review","Unknown Author","Resurgent Mass Partisanship: The Role of Elite Polarization","https://doi.org/10.1017/s0003055401003045","party decline","gh parties in the 1990s are not as central to Americans as they were in the 1950s, they are far more important today than in the 1970s and 1980s. The party decline thesis is in need of revision."
"https://openalex.org/W2884459365",252,2018,"Oxford University Press eBooks","Unknown Author","From Party Politics to Personalized Politics?","https://doi.org/10.1093/oso/9780198808008.001.0001","party decline","han twenty indicators. It demonstrates that, behind a general trend of decline of political parties, there is much variance among countries. In some, party decline is moderate or even small, which may point to adaptation to the changing environments these parties operate in. In others, parties sharply decline. M"
"https://openalex.org/W1989435151",237,2011,"British Journal of Political Science","Unknown Author","How Parties Shape Class Politics: Explaining the Decline of the Class Basis of Party Support","https://doi.org/10.1017/s0007123411000202","party decline","How Parties Shape Class Politics: Explaining the Decline of the Class Basis of Party Support - Why has the association between class and party declined over time? Contrary to conventional wisdom that emphasizes the fracturing of social structures and blurring of class boundaries in post-industrial s"
"https://openalex.org/W2919820997",174,2019,"European Journal of Political Research","Unknown Author","Party convergence and vote switching: Explaining mainstream party decline across Europe","https://doi.org/10.1111/1475-6765.12331","party decline","Party convergence and vote switching: Explaining mainstream party decline across Europe - Abstract How can one explain the significant vote losses of mainstream parties across Europe in recent years? In this article, it is"
"https://openalex.org/W2753553869",149,2017,"Oxford University Press eBooks","Unknown Author","Myth and Reality of the Legitimacy Crisis","https://doi.org/10.1093/oso/9780198793717.001.0001","party decline","stion existing explanatory theories of legitimacy decline. How valid are theories of modernization, globalization, media malaise, social capital, and party decline, if the predicted outcome, i.e. secular decline of political support, does not occur? And which (new) explanations <italic>can</italic> account for t"
"https://openalex.org/W2024700487",121,2007,"Democratization","Unknown Author","Party System Instability in Europe: Persistent Differences in Volatility between West and East?","https://doi.org/10.1080/13510340601024322","party decline","toral and Party Systems in Postcommunist States', Comparative Politics, Vol. 34, No. 2 (2002), pp.189–210; Andrew Drummond, 'Electoral Volatility and Party Decline in Western Democracies: 1970-1995', Paper 02-02, Centre for the Study of Democracy, University of California, Irvine (2002); Jack Bielasiak, 'Party C"
"https://openalex.org/W4255747906",117,2002,"Unknown Journal","Unknown Author","Political Parties","https://doi.org/10.1093/0199246742.001.0001","party decline","h but also insofar as they can affect party performance. Other chapters also examine in detail how corruption and party patronage have contributed to party decline, as well as public attitudes towards parties in several countries. In the aggregate, the various contributions to the book reject the notion that a ‘"
"https://openalex.org/W2167244588",111,2006,"Political Studies","Unknown Author","Electoral Volatility and Party Decline in Western Democracies: 1970–1995","https://doi.org/10.1111/j.1467-9248.2006.00617.x","party decline","Electoral Volatility and Party Decline in Western Democracies: 1970–1995 - In 1970, Richard Rose and Derek Urwin published a seminal piece on the stability of party support in Western demo"
"https://openalex.org/W1825099991",104,2012,"Unknown Journal","Unknown Author","Mapping the Extreme Right in Contemporary Europe","https://doi.org/10.4324/9780203121924","party decline","rak Arikan 15. Scandinavian Right-Wing Parties: Diversity more than Convergence? Marie Demker 16. Downside after the Summit: Factors in Extreme-Right Party Decline in France and Austria Michelle Hale Williams Part 5: From 'Local' to 'Transnational 17. Rights, Roots, and Routes: Local and Transnational Contexts o"
"https://openalex.org/W2500940859",94,2013,"Oxford University Press eBooks","Unknown Author","Should We Believe that Improved Intra-Party Democracy Would Arrest Party Decline?","https://doi.org/10.1093/acprof:oso/9780199661879.003.0004","party decline","Should We Believe that Improved Intra-Party Democracy Would Arrest Party Decline? - Discussion of intraparty democracy often starts from the presumption that citizens want to be influential within political parties, so that declin"
"https://openalex.org/W2030171464",86,2014,"Party Politics","Unknown Author","The discreet charm of political parties","https://doi.org/10.1177/1354068813519959","party decline","nce than suggested by the decline of party thesis and its attendant components, such as the dealignment model. Some of the commonly cited symptoms of party decline are corroborated, but the article highlights the adaptive organizational and social strategies of parties. These strategies, together with the succes"
"https://openalex.org/W2242731303",65,2002,"Unknown Journal","Unknown Author","Parties: Denied, Dismissed, or Redundant? a Critique","https://doi.org/10.1093/0199246742.003.0002","party decline","nalyses writings since the beginning of the twentieth century that have dealt with an alleged ‘crisis of parties’, or, as described since the 1970s, ‘party decline’. He criticizes the normative or ideological pseudoconcepts used implicitly or explicitly in this literature in generally negative assessments of the"
"https://openalex.org/W2001041941",63,2003,"Party Politics","Unknown Author","Political Party Adaptation in US Congressional Campaigns","https://doi.org/10.1177/13540688030096004","party decline","ants for their candidates’ needs in order to help cultivate competitive national elections. Thus, consultant use by political parties does not signal party decline, but party adaptation. Further, the use of political consultants by the political parties is so complete that consultants can be considered employees"
"https://openalex.org/W2013191894",56,2003,"European Journal of Political Research","Unknown Author","A decline of linkage? Intra‐party participation in Norway, 1991–2000","https://doi.org/10.1111/1475-6765.00103","party decline","alyses point to a remarkable level of stability. Active and passive members seem to have disappeared at about the same rate. The general diagnosis of party decline is neither improved nor aggravated, but the analysis casts doubt on propositions about the transformation of the grassroots organisation. The Interne"
"https://openalex.org/W2021585800",52,2014,"Australian Journal of Political Science","Unknown Author","Evolving membership strategies in Australian political parties","https://doi.org/10.1080/10361146.2014.958979","party decline","fulfil their institutional functions and electoral objectives, and is defined in unique ways in each sphere of activity. We suggest that accounts of party decline relying on formal membership numbers may be inaccurate.同其他国家的政党一样，澳大利亚的政党近年来也经历了党员参与的滑坡，以至有人认为无党员政党会成为常态。笔者根据对精英的访谈、政党的文献以及对近年组织改革的考察，指出政党还是要有党员的，党员的"
"https://openalex.org/W2492242559",44,2002,"Unknown Journal","Unknown Author","Party Decline in the Parties State? The Changing Environment of German Politics","https://doi.org/10.1093/0199240566.003.0004","party decline","Party Decline in the Parties State? The Changing Environment of German Politics - Abstract The 1949 (West) German Basic Law established a system of party‐based dem"
"https://openalex.org/W4404607203",44,2024,"Unknown Journal","Unknown Author","Movement Parties of the Far Right","https://doi.org/10.1093/oso/9780198892083.001.0001","party decline","Movement Parties of the Far Right - Abstract In an era of traditional political party decline, Movement Parties of the Far Right explores a new phase of nativist mobilization, in which street politics holds an increasingly important role. Piet"
"https://openalex.org/W4212788918",44,2005,"The Forum","Unknown Author","Do 527's Add Up to a Party? Thinking About the ""Shadows"" of Politics","https://doi.org/10.2202/1540-8884.1098","party decline","y by absorbing outside groups such as MoveOn.org and Swift Boat Veterans. The activities of the 527 organizations do not support the arguments for party decline that were popular in the 1970s and 1980s, nor do they validate the predictions made that BCRA would devastate the political parties. Other developme"
"https://openalex.org/W4214518776",40,2002,"Unknown Journal","Unknown Author","Anti‐Party Sentiments in Southern Europe","https://doi.org/10.1093/0199246742.003.0010","party decline","Anti‐Party Sentiments in Southern Europe - Abstract Political scientists who have written about party decline (the ‘crisis of parties’) fall into two broad categories: one group includes those who focus their analysis on the organizational structures, functio"
"https://openalex.org/W2248913600",39,2002,"Unknown Journal","Unknown Author","Party Government, Patronage, and Party Decline in Western Europe","https://doi.org/10.1093/0199246742.003.0009","party decline","Party Government, Patronage, and Party Decline in Western Europe - Abstract Blondel approaches the question of party decline by asking to what extent it is a product of semi‐legal or illegal practices adopted by parties. At first glance it seems that the answer should be po"
"https://openalex.org/W3038337836",37,2020,"European Political Science Review","Unknown Author","Party decline or social transformation? Economic, institutional and sociological change and the rise of anti-political-establishment parties in Western Europe","https://doi.org/10.1017/s1755773920000260","party decline","Party decline or social transformation? Economic, institutional and sociological change and the rise of anti-political-establishment parties in Western Europe - Ab"
"https://openalex.org/W1970970358",32,2008,"German Politics","Unknown Author","Party Cartel and Cartel Parties in Germany","https://doi.org/10.1080/09644000701855119","party decline","in Herbert E. Alexander (ed.), Comparative Political Finance in the 1980s (Cambridge: Cambridge University Press, 1989), p.237. 6. Susan E. Scarrow, 'Party Decline in the Parties State? The Changing Environment of German Politics', in Paul Webb et al. (eds.), Political Parties in Advanced Industrial Democracies"
"https://openalex.org/W1970970358",32,2008,"German Politics","Unknown Author","Party Cartel and Cartel Parties in Germany","https://doi.org/10.1080/09644000701855119","party decline","e veto positions of interest groups, sub-national governments and the citizenry. See Detterbeck, Wandel politischer Parteien, pp.271–3. 19. Scarrow, 'Party Decline', pp.77–86. 20. Peter Mair, Party System Change. Approaches and Interpretations (Oxford: Clarendon, 1997), pp.152–4. 21. Katz and Mair, 'Changing Mod"
"https://openalex.org/W1970970358",32,2008,"German Politics","Unknown Author","Party Cartel and Cartel Parties in Germany","https://doi.org/10.1080/09644000701855119","party decline","scendancy of the Party', p.122. 32. See, inter alia, von Beyme, Politische Klasse; Poguntke, 'Parties in a legalistic culture', pp.197–199; Scarrow, 'Party Decline', pp.93–100. 33. See Koole, 'Cadre, Catch-all or Cartel?', pp.509–14. 34. See Thomas Poguntke, 'Zur empirischen Evidenz der Kartellparteien-These', Z"
"https://openalex.org/W4282582090",32,2022,"Comparative Political Studies","Unknown Author","Networks of Grievances: Social Capital and Mainstream Party Decline","https://doi.org/10.1177/00104140221100195","party decline","Networks of Grievances: Social Capital and Mainstream Party Decline - Why does support for mainstream parties decline? A growing literature points to economic loss as a source of political resentment. We bring this ex"
"https://openalex.org/W1997836388",29,2012,"Representation","Unknown Author","PARTIES IN LOCAL GOVERNMENT: A REVIEW","https://doi.org/10.1080/00344893.2012.683489","party decline","PARTIES IN LOCAL GOVERNMENT: A REVIEW - ‘Party decline’ and ‘crisis’ have been a long-standing observation of the state of party politics explaining: how parties have lost touch with their electorates, th"
"https://openalex.org/W1997836388",29,2012,"Representation","Unknown Author","PARTIES IN LOCAL GOVERNMENT: A REVIEW","https://doi.org/10.1080/00344893.2012.683489","party decline","ting we can expect those indicators of decline to be magnified and in this article, we suggest some lessons which may be learned, for the concept of ‘party decline’, by examining parties in local government. Across Europe, in local government, power has been concentrated in party groups with strong party discipl"
"https://openalex.org/W1997836388",29,2012,"Representation","Unknown Author","PARTIES IN LOCAL GOVERNMENT: A REVIEW","https://doi.org/10.1080/00344893.2012.683489","party decline","he Nordic countries, generates general insights about the state of parties today, making it reasonable to hypothesise that a general pattern of local party decline across Europe is emerging, and that this has far-reaching consequences for the functioning of local democracy."
"https://openalex.org/W2088826117",21,2013,"Journal of Contemporary European Studies","Unknown Author","Tipping the Balance Scale? Rightward Momentum, Party Agency and Austrian Party Politics","https://doi.org/10.1080/14782804.2013.766477","party decline","and later office, all the while becoming more domesticated and vulnerable to co-optation when in office. This led to party splits and some measure of party decline. Meanwhile, other parties including the ÖVP have suffered from an identity crisis adapting slowly to the rise of the FPÖ through the 1990s making str"
"https://openalex.org/W2059059488",21,2001,"Totalitarian Movements & Political Religions","Unknown Author","Modern European Democracy and Its Enemies: The Threat of the Extreme Right","https://doi.org/10.1080/714005438","party decline","han its predecessor, the subversive political party. It presents a (idiosyncratic) challenge to regimes seeking to assure stability. Contrary to the 'party decline' and 'trade off' theses, we will argue that the 'uncivil society' and extreme right-wing parties operate jointly to promote similar goals and thus pr"
"https://openalex.org/W2055964173",19,2000,"Political Research Quarterly","Unknown Author","Challenges to the American Two-Party System: Evidence from the 1968, 1980, 1992, and 1996 Presidential Elections","https://doi.org/10.1177/106591290005300303","party decline","by independent presidential candidates raise questions about the stability of the American two-party system. Students of electoral behavior point to party decline, whereas analysts of party organization see growth and transformation. Analyses of the 1968, 1980, 1992, and 1996 National Election Study surveys are"
"https://openalex.org/W2168429675",19,2007,"Annual Review of Political Science","Unknown Author","Be Careful What You Wish For: The Rise of Responsible Parties in American National Politics","https://doi.org/10.1146/annurev.polisci.10.071105.100750","party decline","ard a More Responsible Party System. In the following decades the American parties appeared to weaken still further in all aspects, but this apparent party decline in fact signified a transition to a contemporary American party system with more polarized parties similar to those envisaged by the 1950 report. It"
"https://openalex.org/W2493501516",17,2003,"Unknown Journal","Unknown Author","The Decline of Party?","https://doi.org/10.1093/0199250154.003.0011","party decline","role of political parties are particularly relevant. Before the main analysis is undertaken, the chapter takes a brief look at the whole question of party decline in its historical context."
"https://openalex.org/W2565761133",15,2017,"European Political Science","Unknown Author","Assessing Party Membership Figures: The Mapp Dataset","https://doi.org/10.1057/s41304-016-0098-z","party decline","Assessing Party Membership Figures: The Mapp Dataset - Abstract Assessments of party decline and decline of traditional forms of political participation often rely on the argument of party membership decline. Most studies analysing trends in"
"https://openalex.org/W2326651682",14,2015,"Government and Opposition","Unknown Author","Why are there Independents in Ireland?","https://doi.org/10.1017/gov.2014.47","party decline","he clichéd status of the phrase ‘the party’s over’ makes it almost redundant, the esteem in which parties are held has never been lower. One facet of party decline is the renewed interest in independents. Previously confined to transition states and non-democracies, they have begun to make some political headway"
"https://openalex.org/W3021041580",14,2020,"Journal of Behavioral Public Administration","Unknown Author","Partisan polarization and resistance to elite messages: Results from survey experiments on social distancing","https://doi.org/10.30636/jbpa.32.178","party decline","lites, broadly defined. A second experiment in Study 2 finds no backlash for a policy described as being backed by public health experts, but a cross-party decline in support for the same policy when backed by government officials. This suggests that, in polarized times, public health experts might be better adv"
"https://openalex.org/W2490168173",13,2002,"Unknown Journal","Unknown Author","Still Functional After All These Years","https://doi.org/10.1093/0199240566.003.0011","party decline","by two further introductory sections, which present a more in‐depth discussion of the American ‘two‐party’ (Republicans and Democrats) system, and of party decline and revival. The next three sections cover the same topics as those in the other country case studies in the book, and examine the popular legitimacy"
"https://openalex.org/W53924778",13,2014,"Unknown Journal","Unknown Author","Party decline and response : the effects of membership decline on party organisations in Western Europe, 1960-2010","https://doi.org/10.3990/1.9789036536165","party decline","Party decline and response : the effects of membership decline on party organisations in Western Europe, 1960-2010 - This book does not only stand for the end of a"
"https://openalex.org/W2029609443",9,2008,"German Politics","Unknown Author","Kirchheimer Revisited: Party Polarisation, Party Convergence, or Party Decline in the German Party System","https://doi.org/10.1080/09644000802075559","party decline","Kirchheimer Revisited: Party Polarisation, Party Convergence, or Party Decline in the German Party System - The 2005 German parliamentary elections produced two parties claiming victory, the inability to form a government, and G"
"https://openalex.org/W2320717758",9,2016,"The Political Quarterly","Unknown Author","Corbyn as an Organisational Phenomenon: A Response to Steve Richards","https://doi.org/10.1111/1467-923x.12220","party decline","deliberation and of collective decision-making? Fundamentally, does the Corbyn phenomenon represent a form of party revival, or another step towards party decline?"
"https://openalex.org/W1881250728",9,2015,"Palgrave Macmillan UK eBooks","Unknown Author","Political Parties and the European Union","https://doi.org/10.1057/9781137316967_17","party decline","estion of whether political parties actually have (or should have) this prominent role in modern democracies has long been debated. In this so-called party decline debate, a number of tendencies, such as voter de-alignment and membership decline, are used to indicate the less dominant role of political parties,"
"https://openalex.org/W4390396407",8,2023,"International Political Science Review","Unknown Author","Behind the technocratic challenge: Old and new alternatives to party government in Italy","https://doi.org/10.1177/01925121231216438","party decline","romised land of technocracy, constitutes a crucial case to test the major short-term (critical junctures) and long-term (complexity of policy-making; party decline) factors identified to explain this phenomenon. Our analysis is based on two innovative tools: a new dataset updated to the current back-to-politics"
"https://openalex.org/W2505799625",7,2002,"Unknown Journal","Unknown Author","On the Primacy of Party in Government","https://doi.org/10.1093/0199253099.003.0011","party decline","On the Primacy of Party in Government - Abstract Argues that despite voluminous evidence of party decline in the electorate, parties in government can survive, even prosper, because the core of the party is and always has been located at the level of gove"
"https://openalex.org/W4235251937",6,2017,"Oxford University Press eBooks","Unknown Author","Legitimacy Decline and Party Decline","https://doi.org/10.1093/oso/9780198793717.003.0005","party decline","Legitimacy Decline and Party Decline - This chapter discusses the decline of political parties as a possible cause of the decline of legitimacy. Political parties constitute a link betwe"
"https://openalex.org/W4235251937",6,2017,"Oxford University Press eBooks","Unknown Author","Legitimacy Decline and Party Decline","https://doi.org/10.1093/oso/9780198793717.003.0005","party decline","ere is a causal relationship between citizens’ involvement in political parties and political support. The chapter argues that empirical evidence for party decline is limited, as parties may have undergone transformation rather than decline. Using ESS data from 2002 to 2010, the chapter finds only weak relations"
"https://openalex.org/W2238158350",5,2005,"Taiwan journal of democracy","Unknown Author","Party Decline in a Mature System: The Congress Party of India","https://doi.org/10.29654/tjd.200507.0003","party decline","Party Decline in a Mature System: The Congress Party of India - The Congress Party of India retained its electoral dominance for almost four decades from the first"
"https://openalex.org/W2884944680",5,2018,"Oxford University Press eBooks","Unknown Author","Party Change and Political Personalization","https://doi.org/10.1093/oso/9780198808008.003.0010","party decline","ies and personalization as a zero-sum game: when one declines, the other is expected to rise. Yet, while scholars of political personalization regard party decline as the starting point of their story, for scholars of party change personalization is only one of the possible outcomes of party decline. These two p"
"https://openalex.org/W2145922156",5,2004,"Party Politics","Unknown Author","Party Members in a Three-Party Election","https://doi.org/10.1177/1354068804043908","party decline","eir party. We also show that the Republican Party benefited in 2000 from Reform contributors’ mobilization, which suggests a connection between third-party decline and major-party change."
"https://openalex.org/W2790623983",4,2018,"Japan Forum","Unknown Author","Political transformation in Japan as a source of insight","https://doi.org/10.1080/09555803.2017.1419274","party decline",", economic resurgence and single-party dominance (1945–1990); (3) low growth, electoral reform and neo-liberalism (1991–2006); (4) Liberal Democratic Party decline and the opposition in power (2006–2012); and (5) authoritarian leadership with weak opposition (2012 onwards). The article concludes with a discussio"
"https://openalex.org/W4243755776",4,2018,"Oxford University Press eBooks","Unknown Author","Party Change and Political Personalization","https://doi.org/10.1093/oso/9780198808008.003.0011","party decline","partyness and personalization will not be in zero-sum relationships. It then turns to the question of the causal direction of this relationship: does party decline cause personalization, or is it the other way round? While it makes sense that the two should interact, our argument is that decline in partyness occ"
"https://openalex.org/W2526475229",4,2016,"Ghent University Academic Bibliography (Ghent University)","Unknown Author","Independent relics or heralds of party decline?: the role of non-national lists in local politics",NA,"party decline","Independent relics or heralds of party decline?: the role of non-national lists in local politics - This doctoral dissertation aims to contribute to a more profound academic comprehension of the r"
"https://openalex.org/W2526475229",4,2016,"Ghent University Academic Bibliography (Ghent University)","Unknown Author","Independent relics or heralds of party decline?: the role of non-national lists in local politics",NA,"party decline","study concludes that non-national lists in Flanders cannot be considered as independent relics of an ancient political era, but neither as heralds of party decline. Rather they seem to reflect a change in the representative claims on which political parties rely."
"https://openalex.org/W3201305137",3,2021,"American Politics Research","Unknown Author","Gubernatorial Elections Change Demand for Local Newspapers","https://doi.org/10.1177/1532673x211046252","party decline","gubernatorial elections with no competition from federal elections—from 1933 to 2005. We find demand for local newspapers associated with the winning party declines after gubernatorial elections compared to demand for other newspapers. The results also shed light on whether (and which) winning partisans are dise"
"https://openalex.org/W2503351092",3,2011,"Oxford University Press eBooks","Unknown Author","Parties and Representative Government","https://doi.org/10.1093/acprof:osobl/9780199599356.003.0001","party decline","e systematic study of the party government model in a way that was not possible in the past. The second is to contribute to the vigorous debate about party decline or change. The chapter then discusses the rise of party-based politics; the five main forms of linkage between political parties and voters; and the"
"https://openalex.org/W2053740142",3,2011,"Journal of women's history","Unknown Author","""Give the Ladies a Chance"": Gender and Partisanship in the Prohibition Party, 1869–1912","https://doi.org/10.1353/jowh.2011.0025","party decline","tained a remarkable departure from traditional Democratic and Republican practices, and further explores why women's contributions to the Prohibition Party declined in the early-twentieth century. In so doing, it traces how gender and gender roles shaped the meaning of party and politics, and elucidates the inte"
"https://openalex.org/W2569954672",3,2004,"Polity","Unknown Author","A New Migration of Political Forces: Party Decline and Presidential Leadership in Late Nineteenth-Century America","https://doi.org/10.1086/polv36n2ms3235481","party decline","A New Migration of Political Forces: Party Decline and Presidential Leadership in Late Nineteenth-Century America - This article examines the decline of political parties in post-Civil War America and"
"https://openalex.org/W2586262197",3,2016,"Unknown Journal","Unknown Author","Chancellor Merkel, the European Debt Crisis and the AfD: An Analysis of Voting Behaviour in the 2013 Federal Election","https://doi.org/10.4324/9781315584652-12","party decline","ge parties: the catalogue is long and well known by now (Webb 2011). Although some recent works point to more mixed evidence on the crucial matter of party decline (Norris 2011; Dalton et al. 2011), parties nonetheless are in trouble. This is particularly evident in countries where the global economic crisis, wh"
"https://openalex.org/W3180962059",3,2021,"SSRN Electronic Journal","Unknown Author","Networks of Grievances: Social Capital and Mainstream Party Decline","https://doi.org/10.2139/ssrn.3816461","party decline","Networks of Grievances: Social Capital and Mainstream Party Decline -"
"https://openalex.org/W4391799454",2,2024,"American Political Science Review","Unknown Author","Reawakening a Revolutionary Party: The Ancient and Modern Princes in Wang Hui’s Political Theory","https://doi.org/10.1017/s0003055424000029","party decline","I bring Chinese thinker Wang Hui’s (Maoist) party theory into the conversation. By engaging Wang’s party theory, I demonstrate how we can understand party decline in nonliberal democratic countries with revolutionary legacies. I then analyze Wang’s solution to the decline of the revolutionary party, which focus"
"https://openalex.org/W2095550161",2,2011,"Revue d’études comparatives Est-Ouest","Unknown Author","The Communist Party of the Russian Federation: not Communist per se","https://doi.org/10.4074/s0338059911001033","party decline","F has used a chameleon-like survival technique to facilitate the regime's political adaptation to the post-Communist framework. The usefulness of the party declined once the political regime became autocratic. The CPRF is not an opposition party in the real sense of this phrase, since it is more a facilitator of"
"https://openalex.org/W2104572703",2,2011,"Compolítica","Unknown Author","Propaganda Partidária Gratuita: dilemas e implicações sobre os partidos políticos e a comunicação política brasileira","https://doi.org/10.21878/compolitica.2011.1.2.20","party decline","has been defined by the practices of image enhancement of the candidates &amp;ndash; at the expense of collective elements. As a result, issues such party decline, personalization and professionalization of politics, become increasingly relevant, guiding the study developed here.&lt;/p&gt;"
"https://openalex.org/W4246735104",2,2016,"Unknown Journal","Unknown Author","Modern European demo cra cy and its enemies: the threat of the extreme right","https://doi.org/10.4324/9781315514574-18","party decline","he new millen nium, achiev ing stabil ity by outlaw ing extreme polit ical parties is no longer an effect ive strategy. Furthermore, contrary to the ‘party decline’ and ‘trade off’ theses, we argue that the ‘uncivil society’ and extreme right-wing parties operate jointly to promote similar goals and thus present"
"https://openalex.org/W2767691873",1,2017,"The Journal of Southern History","Unknown Author","Black Republicans and the Transformation of the GOP by Joshua D. Farrington","https://doi.org/10.1353/soh.2017.0305","party decline","mmunity and elicited support from black Republicans. Nevertheless, as the GOP grew more conservative into the 1970s, black support for the Republican Party declined significantly on the national level and has not recovered. Farrington weaves his chronological narrative together with a wealth of archival sources."
"https://openalex.org/W4402321809",1,2024,"Swiss Political Science Review","Unknown Author","Party Strategies in Local Elections: Insights from Israel","https://doi.org/10.1111/spsr.12622","party decline","and their choice of label. Notably, almost 30% of party lists conceal their identity by opting for ‘disguised’ labels. We argue that Israel's extreme party decline in local politics, characterized by the dominance of independent lists, may foreshadow global trends as national parties withdraw from municipal cont"
"https://openalex.org/W1505038112",1,2007,"Cambridge University Press eBooks","Unknown Author","Under siege: Catholic parties in interwar Europe","https://doi.org/10.1017/cbo9780511497056.003","party decline","t party in the first postwar elections, they continued to play a dominant role in government formation. While electoral support for the German Centre Party declined somewhat from 13.6 per cent in 1920 to 11.9 per cent in the last free elections in November 1932, it was the core political force in all parliamenta"
"https://openalex.org/W2172258296",1,2011,"Journal of Politics in Latin America","Unknown Author","Ruling against the Executive in <i>Amparo</i> Cases: Evidence from the Peruvian Constitutional Tribunal","https://doi.org/10.1177/1866802x1100300204","party decline","ikely to rule against the executive, as the public's confidence in the executive decreases and as the share of congressional seats of the president's party declines. Further, the Tribunal is more willing to decide cases against the executive in areas that most pervade its docket, specifically in the areas of pen"
"https://openalex.org/W2621005132",1,2011,"DOAJ (DOAJ: Directory of Open Access Journals)","Unknown Author","Slovenské parlamentné voľby 2010: nacionálna agenda na ústupe?",NA,"party decline","e Party of Hungarian Coalition were eliminated from the national parliament. Moreover, the election outcome of the radical right-wing Slovak National Party declined significantly. On the other hand, two new parties entered parliament. All in all, the election outcomes show the weakening of the nationalist agenda"
"https://openalex.org/W2978463433",1,2012,"Unknown Journal","Unknown Author","DOWNSIDE AFTER THE SUMMIT: Factors in extreme-right party decline in France and Austria","https://doi.org/10.4324/9780203121924-27","party decline","DOWNSIDE AFTER THE SUMMIT: Factors in extreme-right party decline in France and Austria -"
"https://openalex.org/W3108577813",1,2020,"Zoon Politikon","Unknown Author","Demokracja w recesji? Diagnozy i projekty naprawcze","https://doi.org/10.4467/2543408xzop.20.004.12946","party decline","han twenty indicators. It demonstrates that, behind a general trend of decline of political parties, there is much variance among countries. In some, party decline is moderate or even small, which may point to adaptation to the changing environments these parties operate in. In others, parties sharply decline. M"
"https://openalex.org/W3126642283",1,2019,"London School of Economics and Political Science Research Online (London School of Economics and Political Science)","Unknown Author","What explains mainstream party decline across Europe",NA,"party decline","What explains mainstream party decline across Europe - In new research on party systems in 16 European countries, Jae-Jae Spoon and Heike Klüver demonstrate that, as mainstream parties hav"
"https://openalex.org/W4307708480",1,2022,"East Central Europe","Unknown Author","A Typology of Postcommunist Successor Parties in Central and Eastern Europe and an Explanatory Framework for Their (Non-)Success","https://doi.org/10.30965/18763308-49020007","party decline","on studies on voter flows in addition to qualitative case analyses in order to demonstrate these interactions at work in critical phases of successor-party decline or growth."
"https://openalex.org/W4224238456",1,2022,"Unknown Journal","Unknown Author","Effects of Public Funding on Party Participation","https://doi.org/10.4324/9780429272004-30","party decline","ics of PCF so glaringly manifested in the United States. Public funding is liable to bring about the reduction of party responsiveness and consequent party decline. To better understand the Israeli situation the people must amplify the discussion of the structural changes undergone by the parties and the shift i"
"https://openalex.org/W1017401353",0,2010,"Cambridge University Press eBooks","Unknown Author","Preface","https://doi.org/10.1017/cbo9780511750748.001","party decline","Preface - This study began as a search for remedies for the familiar disease of party decline. It made sense to look for such remedies in the late nineteenth century, the period of American parties' supposed peak performance. Perhaps, I suppos"
"https://openalex.org/W1521030679",0,2007,"Unknown Journal","Unknown Author","THE ROLE OF THE POLITICAL PARTIES IN THE UNITED STATES: ARE THEY BECOMING OBSOLETE?",NA,"party decline","party is in decline in the US politics, as ample evidence, the aforesaid argument goes, suggests believing so. According to the claimants in favor of party decline, political party’s role has been diminishing in the political processes, including the presidential and congressional elections. Some even goes furth"
"https://openalex.org/W1521030679",0,2007,"Unknown Journal","Unknown Author","THE ROLE OF THE POLITICAL PARTIES IN THE UNITED STATES: ARE THEY BECOMING OBSOLETE?",NA,"party decline","demonstrate that political party still plays a significant role in many processes of American politics. The evidence that is presented as the sign of party decline in fact suggests that political party in the US is transforming, rather than declining. Therefore, political parties are well and alive in the US. It"
"https://openalex.org/W1608220015",0,2010,"SSRN Electronic Journal","Unknown Author","Women, Parties, and Democracy in Germany",NA,"party decline","closely linked. No modern democracy exists without parties. Political scientists who find evidence for the decline of parties are quite ready to link party decline to a decline in democracy more generally.Parties are important to democracy because they have been the means for holding the government accountable."
"https://openalex.org/W1610947321",0,2003,"Cambridge University Press eBooks","Unknown Author","From Labor Politics to Machine Politics: The Transformation of the Peronist Party–Union Linkage","https://doi.org/10.1017/cbo9780511615641.005","party decline","ks replaced unions as the PJ's primary linkage to its working- and lower-class base. As a result of these changes, organized labor's influence in the party declined precipitously. This process of deunionization contributed in an important way to the PJ's electoral success in an increasingly postindustrial electo"
"https://openalex.org/W1867109195",0,2012,"한국정치학회보","Unknown Author","Party Transformation in Old Democracies and Party Formation in New Democracies",NA,"party decline","regating the political party into three dimensions, that is, party-as-organization, party-in-public office, and party-in-the-electorate. Although the party decline thesis emphasizes the weakening of the political party in general, it is found that despite the considerable shrinking of party-as-organization combi"
"https://openalex.org/W2041773446",0,2002,"Chinese Law & Government","Unknown Author","Were the ""Three Stresses"" a Deification Movement?","https://doi.org/10.2753/clg0009-4609350237","party decline","ne takes); if you don't demand [bribes], you'll get nothing for it; if you're not on the take, your honesty is wasted."" The prestige of the Communist Party declines with each passing year, and each Central Committee commands less authority than its predecessor. The ""Four Basic Principles"" have been picturesquely"
"https://openalex.org/W2263406550",0,2002,"Unknown Journal","Unknown Author","The Macro-constellation of Political Party Rise, Consolidation and Decline in the European Experience",NA,"party decline","party rise and growth, in the second half of the 19th century up to W.W.I, of party consolidation, in the remaining part of the 20th century, and of party decline into the 21st century. The first two constellations draw on historical materials and accumulated research. On the contrary, the third has a more spec"
"https://openalex.org/W2355514433",0,2006,"Unknown Journal","Unknown Author","Brief History of Beijing Opera of the Northeast——the Subject Studies about the History of Northeastern Drama",NA,"party decline","roper plays which were able to match the audience needs.During the time of The war of liberation,peking opera in the districts governed by the Guomin Party declines day by day,but in the liberated area Peking opera has developed the brand-new change,the theatrical troupe carried on the democratic reform,the acto"
"https://openalex.org/W2361713253",0,2005,"Journal of Jilin College of the Arts","Unknown Author","Brief History of Beijing Opera of the Northeast -the Subject Studies about the History of Northeastern Drama",NA,"party decline","per plays which were able to match the audience needs. During the time of The war of liberation, peking opera in the districts governed by the Guomin Party declines day by day, but in the liberated area Peking opera has developed the brand - new change, the theatrical troupe carried on the democratic reform, the"
"https://openalex.org/W2475997214",0,2015,"Fordham University Press eBooks","Unknown Author","The Mexican War and Nativism","https://doi.org/10.5422/fordham/9780823267538.003.0002","party decline","r education, a powerful wave of political nativism swept the Know-Nothing Party into office in many states throughout the United States. Although the party declined in influence as the 1850s ended, Catholics were concerned that the new Republican Party harbored many former nativists and might attack the church i"
"https://openalex.org/W2483671427",0,2002,"Palgrave Macmillan UK eBooks","Unknown Author","The Zig-Zag Left: 1928–39","https://doi.org/10.1057/9781403907226_2","party decline","nst Class"" made their job much easier.'1 The fruits of its first ten years of successful political and industrial agitation were thrown away, and the party declined until it had just two and a half thousand members in November 1930. It was by no means obvious that the Communist Party would survive to see the dec"
"https://openalex.org/W2495747125",0,2007,"Palgrave Macmillan UK eBooks","Unknown Author","The Social Capital and Democratic Potential of Campaigning Organizations","https://doi.org/10.1057/9780230223240_6","party decline","b, 2000). However, this volume has been indirectly commenting on a broadly held view that group activity has ameliorated the adverse consequences of party decline. For example, Farrell and Webb (2000: 123) note that ‘Fewer individuals now take on political roles as loyal party members, perhaps preferring to par"
"https://openalex.org/W2495747125",0,2007,"Palgrave Macmillan UK eBooks","Unknown Author","The Social Capital and Democratic Potential of Campaigning Organizations","https://doi.org/10.1057/9780230223240_6","party decline","ticipate via non-partisan single-issue groups.’ Lawson (1988) argues that major party decline correlates to a failure of linkage between the parties and the political process, and that the replacement representative vehicles (groups) have been"
"https://openalex.org/W2565238956",0,2016,"The Register - Kentucky Historical Society/The register of the Kentucky Historical Society","Unknown Author","James and Esther Cooper Jackson: Love and Courage in the Black Freedom Movement by Sara Rzeszutek Haviland","https://doi.org/10.1353/khs.2017.0021","party decline","editors—he for the CPUSA paper The Worker and she for Freedomways, which she helped to found with W. E. B. and Shirley Graham Du Bois. The Communist Party declined so precipitously under Cold War repression that Jack’s audience dwindled. Esther, however, sat at the center of unfolding, ongoing, and pivotal conv"
"https://openalex.org/W2586667583",0,2016,"Unknown Journal","Unknown Author","Populism and the Decline of Party Organization: the CzechRepublic and Slovakia Compared",NA,"party decline","of the party decline. Unlike other studies, the paper takes a"
"https://openalex.org/W2745841079",0,2017,"Gothenburg University Publications Electronic Archive (Gothenburg University)","Unknown Author","AGAINST THE ESTABLISHMENT The Effect of Labor Market Disadvantage and Mainstream Party Convergence on Anti- Establishment Attitudes",NA,"party decline","orkers in precarious employment may have no incentives to support the political system.\nDrawing on the insider-outsider debate, and the populism and party decline literatures, this thesis first investigates David Rueda’s claim that workers in precarious employment may have reasons to turn against the political"
"https://openalex.org/W2755342510",0,2016,"Digital Access to Scholarship at Harvard (DASH) (Harvard University)","Unknown Author","The Puzzle of Democratic Monopolies: Single Party Dominance and Decline in India",NA,"party decline","competitive credit claiming for social policy. The second empirical chapter applies a structural break methodology to estimate the timing of dominant party decline across Indian states, and utilizes this variation to show that the decline of single-party dominance led to the rise of agriculture-favoring policies"
"https://openalex.org/W2755342510",0,2016,"Digital Access to Scholarship at Harvard (DASH) (Harvard University)","Unknown Author","The Puzzle of Democratic Monopolies: Single Party Dominance and Decline in India",NA,"party decline","ent welfare state is driven by a logic of competitive credit-claiming. \n\nIn contrast to existing theories, the case of India suggests that dominant party decline in democratic settings bears a resemblance to the decline of political monopolies generally, representing a process of de facto democratization in de"
"https://openalex.org/W2755342510",0,2016,"Digital Access to Scholarship at Harvard (DASH) (Harvard University)","Unknown Author","The Puzzle of Democratic Monopolies: Single Party Dominance and Decline in India",NA,"party decline","jure democratic institutional settings. I show that the argument can help to explain trajectories of dominant party decline and distributive politics in a number of other cases, including Japan, Italy, Mexico and the American South."
"https://openalex.org/W2756576165",0,2017,"The Catholic historical review","Unknown Author","Patriotism &amp; Piety: Federalist Politics and Religious Struggle in the New American Nation by Jonathan J. Den Hartog","https://doi.org/10.1353/cat.2017.0151","party decline","ascribed to French Jacobins, and to Thomas Jefferson and his proto-Democratic followers. As the party of Jefferson gained strength and the Federalist party declined, the next generation of Federalists built voluntary organizations to recoup their losses and promote faith in republican order and providential desi"
"https://openalex.org/W2790312030",0,2015,"Texas ScholarWorks (Texas Digital Library)","Unknown Author","For a long time to come : the transformation of Texas politics, 1960-1984","https://doi.org/10.15781/t2s17t905","party decline","s the South, including in his beloved native Texas. LBJ’s expectation proved accurate. From the 1960s to the 1980s, the power of the Texas Democratic Party declined as the national party took stances on issues such as civil rights, the role of government, culture, and foreign policy that alienated many Texans an"
"https://openalex.org/W2884991252",0,2018,"Oxford University Press eBooks","Unknown Author","A Cross-National Comparison of Party Change","https://doi.org/10.1093/oso/9780198808008.003.0005","party decline","point clearly to decline, while those that look at the party background of representatives stand out as prominent survivors of a major decline trend. Party decline is evident in almost all countries, but its levels vary. Many explanations for variance are ruled out, leaving room for the possibility that human ag"
"https://openalex.org/W2972677525",0,2019,"IRL - University of Missouri, St. Louis (University of Missouri–St. Louis)","Unknown Author","Party Blight in Rural Missouri: Causes and Consequences of Local Organizational Decline",NA,"party decline","rvation. This study seeks to address the questions, are local political parties in rural Missouri in a state of decline? What are the causes of local party decline in rural communities? Is there a relationship between local party strength and electoral outcomes in rural communities? Finally, what are the implica"
"https://openalex.org/W2972677525",0,2019,"IRL - University of Missouri, St. Louis (University of Missouri–St. Louis)","Unknown Author","Party Blight in Rural Missouri: Causes and Consequences of Local Organizational Decline",NA,"party decline","tions and consequences of local party decline in rural communities? This study finds that in some rural communities, local party organizations have become so inactive as to be functionally non-ex"
"https://openalex.org/W2990278346",0,2018,"Unknown Journal","Unknown Author","Unraveling the Conundrum of Third-Party Decline","https://doi.org/10.4324/9781351128261-2","party decline","Unraveling the Conundrum of Third-Party Decline -"
"https://openalex.org/W2991041243",0,2019,"Unknown Journal","Unknown Author","The government we deserve: do ministerial appointments respond to individualization and party decline?",NA,"party decline","The government we deserve: do ministerial appointments respond to individualization and party decline? -"
"https://openalex.org/W3109778489",0,2011,"SSRN Electronic Journal","Unknown Author","Ruling Against the Executive in Amparo Cases: Evidence from Peru’s Constitutional Tribunal",NA,"party decline","ikely to rule against the executive, as the public’s confidence in the executive decreases and as the share of congressional seats of the president’s party declines. Further, the Tribunal is more willing to decide cases against the executive in areas that most pervade its docket, specifically in the areas of pen"
"https://openalex.org/W3123431720",0,2007,"SSRN Electronic Journal","Unknown Author","Be Careful What You Wish for: The Rise of Responsible Parties in American National Politics",NA,"party decline","ard a More Responsible Party System. In the following decades the American parties appeared to weaken still further in all aspects, but this apparent party decline in fact signified a transition to a contemporary American party system with more polarized parties similar to those envisaged by the 1950 report. It"
"https://openalex.org/W4233130558",0,2002,"Unknown Journal","Unknown Author","Are Political Parties declining?An Analysis of National Variation in Dealignment","https://doi.org/10.1525/california/9780520231764.003.0011","party decline","Are Political Parties declining?An Analysis of National Variation in Dealignment - This chapter addresses the party decline and analyzes the national variation in dealignment of political parties. It examines whether party decline is peculiarly American or a tendency commo"
"https://openalex.org/W4239854234",0,2011,"Oxford University Press eBooks","Unknown Author","Party Evolution","https://doi.org/10.1093/acprof:osobl/9780199599356.003.0009","party decline","their predominant position within democracies in the face of so many predictions of their imminent demise. It argues that while there is evidence for party decline, there is at least as much evidence of party adaptation. The first section reviews the study' s broad findings, with particular reference to their im"
"https://openalex.org/W4250070203",0,2018,"Oxford University Press eBooks","Unknown Author","Summary and Conclusions","https://doi.org/10.1093/oso/9780198808008.003.0012","party decline","then proposes directions for future research on these phenomena and their interaction. It also suggests that it makes sense to see the combination of party decline and personalization as a potential threat to the quality of modern representative democracy, and maybe even to democracy per se. Finally, it makes pr"
"https://openalex.org/W4252665427",0,2016,"Unknown Journal","Unknown Author","Party decline?","https://doi.org/10.4324/9781315657646-12","party decline","Party decline? - One of the most popular conceptions of the state of political parties in contemporary democracies is their ‘decline’. Since David Broder’s (1972)"
"https://openalex.org/W4252665427",0,2016,"Unknown Journal","Unknown Author","Party decline?","https://doi.org/10.4324/9781315657646-12","party decline","oreover, we must distinguish between decline of particular parties vs. decline of the party as a collective actor. Another problem with the notion of party decline is that it is sometimes conflated with change. When existing parties decline and are being replaced by new parties, we have a case of party system ch"
"https://openalex.org/W4297896415",0,2022,"Unknown Journal","Unknown Author","Democratic Linkage and the Party Decline Debate","https://doi.org/10.1093/oso/9780198869214.003.0002","party decline","Democratic Linkage and the Party Decline Debate - Abstract The democratic linkage model sees political parties presenting distinct policy platforms, addressing which societal problems deserv"
"https://openalex.org/W4297896415",0,2022,"Unknown Journal","Unknown Author","Democratic Linkage and the Party Decline Debate","https://doi.org/10.1093/oso/9780198869214.003.0002","party decline","s on a debate over whether parties have lost their ability to provide democratic linkage. We note dramatically different views on the extent of such ‘party decline’. Against this background, the book analyses how ‘systematically salient’ welfare state issues and pressures are; the extent and nature of party diff"
"https://openalex.org/W4385642143",0,2023,"Redescriptions Political Thought Conceptual History and Feminist Theory","Unknown Author","Book Review: &lt;em&gt;The Making of the Democratic Party in Europe, 1860&amp;ndash;1890&lt;/em&gt;&amp;nbsp;by Anne Heyer, Palgrave Macmillan, 2022, 289 pages. ISBN: 978-3-030-8774-7, DOI: https://doi.org/10.1007/978-3-030-87748-4","https://doi.org/10.33134/rds.401","party decline","y and energetic, crisis might not be the final stage of a linear evolution of parties – it might be the starting point of party innovation instead of party decline."
"https://openalex.org/W4398525051",0,2022,"Harvard Dataverse","Unknown Author","Replication Data for: Networks of Grievances: Social Capital and Mainstream Party Decline","https://doi.org/10.7910/dvn/ccuduh","party decline","Replication Data for: Networks of Grievances: Social Capital and Mainstream Party Decline - Replication material. See readme"
"https://openalex.org/W4398935305",0,2007,"Harvard Dataverse","Unknown Author","Replication data for: Challenges to the American Two-Party System: Evidence from the 1968, 1980, 1992, and 1996 Presidential Elections","https://doi.org/10.7910/dvn/zhyxve","party decline","by independent presidential candidates raise questions about the stability of the American two-party system. Students of electoral behavior point to party decline, whereas analysts of party organization see growth and transformation. Analyses of the 1968, 1980, 1992, and 1996 National Election Study surveys are"
"https://openalex.org/W4407267209",0,2011,"DOAJ (DOAJ: Directory of Open Access Journals)","Unknown Author","Ruling Against the Executive in Amparo Cases: Evidence from the Peruvian Constitutional Tribunal Fallando en Contra del Ejecutivo en los Casos de Amparo: Evidencia del Tribunal Constitucional Peruano",NA,"party decline","ikely to rule against the executive, as the public’s confidence in the executive decreases and as the share of congressional seats of the president’s party declines. Further, the Tribunal is more willing to decide cases against the executive in areas that most pervade its docket, specifically in the areas of pen"
"https://openalex.org/W4412175398",0,2023,"Oxford University Press eBooks","Unknown Author","Orders for Costs (Particular Types of Order and Specific Circumstances)","https://doi.org/10.1093/law/9780192869081.003.0007","party decline","Tomlin orders, forthwith orders, and deemed orders and default orders. It also considers cases where everything is agreed save for costs and where a party declines to pay costs prior to the issue of proceedings."
"https://openalex.org/W4412226675",0,2023,"RUCforsk (Roskilde University)","Unknown Author","Playful Exploration:How users tame ‘the wild’ in recent Generative AIs",NA,"party decline","opriating, and playing with them in various ways.<br/><br/>For example, users deploy ChatGPT for mundane tasks like writing job applications; sending party declines; and finding dinner recipes. These and many other user practices are rapidly developing in these early stages of GAI and is part of a taming process"
"https://openalex.org/W4414579935",0,2025,"Journal of Asian and African Studies","Unknown Author","Introduction to Issue: <i>Democracy and its Challenges – A Cross-cultural Comparison</i>","https://doi.org/10.1177/00219096251380763","party decline","the liberal international order, democratic backsliding, religion’s role in legitimising inequality, disinformation, criminal governance and dominant party decline. Together, the articles highlight how poor governance, corruption, inequality and misinformation undermine democratic resilience across diverse conte"
"https://openalex.org/W4415734145",0,2025,"Scottish Journal of Political Economy","Unknown Author","British Voting Intentions and the far Reach of 9/11","https://doi.org/10.1111/sjpe.70036","party decline","observed before and after 9/11. It concludes that intentions to vote for the Conservative Party significantly increased, while support for the Labour Party declined, at least among marginal voters. In contrast, voters close to a political party strengthened their support for Labour, the incumbent party at the ti"
"https://openalex.org/W4416530895",0,2025,"Unknown Journal","Unknown Author","Why Did Public Support for the Japan Innovation Party Decline in the 2024 HR Election?","https://doi.org/10.1007/978-3-031-98797-7_6","party decline","Why Did Public Support for the Japan Innovation Party Decline in the 2024 HR Election? -"
"https://openalex.org/W643317629",0,2016,"Dépôt institutionnel de l'Université libre de Bruxelles (Université Libre de Bruxelles)","Unknown Author","Assessing Party Research Decline: A View from the British Journal of Political Science.",NA,"party decline","ish Journal of Political Science. - The literature on political parties has been prolific in the last decades. At the same time, it is dominated by a party decline thesis which could lead to a “party research decline” due to the progressive irrelevance of the topic. As political parties seem to lose their releva"
"https://openalex.org/W7107963547",0,2025,"OpenstarTs (Univeristy of Trieste https://www.units.it/)","Unknown Author","L’ascesa dei ministri tecnocratici in Italia: teorie e spiegazioni","https://doi.org/10.13137/2611-2914/37307","party decline","ole of critical junctures (crises), the impact of formateur’s strength, and the relevance of long-term systemic factors (complexity of policy-making; party decline). Thanks to an updated dataset on the Italian case (2001-2023) and employing a fresh taxonomy combining partisanship and expertise, the article provi"
"https://openalex.org/W7107963547",0,2025,"OpenstarTs (Univeristy of Trieste https://www.units.it/)","Unknown Author","L’ascesa dei ministri tecnocratici in Italia: teorie e spiegazioni","https://doi.org/10.13137/2611-2914/37307","party decline","mate causes of the growing presence of technocratic ministers in Italy; however, these factors are heavily influenced by long-term causes such as the party decline."
"https://openalex.org/W7115312996",0,2024,"Pure (University of Bath)","Unknown Author","Levelling Up by Levelling down:The economic and political cost of Brexit",NA,"party decline","s that experienced Brexit-related out put losses saw increases in support for right-wing populist parties, while the electoral fortunes of the Labour party declined."
"https://openalex.org/W7125134272",0,2013,"Athenaeum Polskie Studia Politologiczne","Unknown Author","Why do Political Parties Fail?","https://doi.org/10.15804/athena.2013.40.01","party decline","Why do Political Parties Fail? - An analytical Framework to identify the general causes of party decline and collapse in Eastern and Central Europe is developed in this article. The causes of a parties failure are divided into those connected with its in"
"https://openalex.org/W7132825496",0,2026,"Party Politics","Unknown Author","Is the party perspective over?","https://doi.org/10.1177/13540688261430704","party decline","s have taken Schattschneider’s renowned statement that ‘Modern democracy is unthinkable save in terms of the parties’ as an axiom. But amid claims of party decline and evidence of political personalization, presidentialization, and the judicialization and digitization of politics, do parties still deserve to be"
"https://openalex.org/W7134096723",0,2026,"ORBi (University of Liège)","Unknown Author","Shrinking Public Spaces and Party Militancy in the Labour Party of Belgium",NA,"party decline","al question: can we meaningfully speak of a “crisis” or even an “end” of political parties? While a substantial body of literature has long diagnosed party decline and depoliticization throughout the twentieth century, more recent work has begun to challenge these declinist interpretations. Rather than interpret"
"https://openalex.org/W7155576700",0,2026,"The Scientific Issues of Ternopil Volodymyr Hnatiuk National Pedagogical University Series pedagogy","Unknown Author","РУХ «СХРЕЩЕНІ СТРІЛИ» НА ЗАКАРПАТТІ (1938–1942)",NA,"party decline","unity also affected political life in Transcarpathia. The far-right political landscape was reshaped in the region: the influence of the Arrow Cross Party declined noticeably, while the Party of Hungarian Renewal and the Hungarian National Socialist Party began to gain ground. Due to limitations of length and t"
"https://openalex.org/W7160148660",0,2026,"Social Sciences & Humanities in Asia","Unknown Author","Social Cleavages and Party Decline in Contemporary India: The Case of the Indian National Congress","https://doi.org/10.65098/ssha.02.2026.01.10","party decline","Social Cleavages and Party Decline in Contemporary India: The Case of the Indian National Congress -"
"https://openalex.org/W7160597676",0,2026,"West European Politics","Unknown Author","Party decline revisited: eras and aspects of change","https://doi.org/10.1080/01402382.2026.2644250","party decline","Party decline revisited: eras and aspects of change -"
"https://openalex.org/W7160732463",0,2026,"Unknown Journal","Unknown Author","Synthetic Chamber:Agentic Mediation in Representative Democracy",NA,"party decline","tutionalised is a mechanism for processing and answering deliberative reasons within representative democracy. The proposal is grounded in debates on party decline, deliberative democracy, and representation, and treats mediation not as the replacement of human judgement, but as the use of multi-agent AI to stru"
