"database","scopus_id","openalex_id","title","journal","publication_year","doi","citations","abstract","authors","query_category"
"Scopus","SCOPUS_ID:105014616249",NA,"Unpacking Foreign Policy Capacity of Political Parties: The Case of BRICS Countries","Public Administration and Development",2026,"10.1002/pad.70022",1,"","Wen Y.","party_linkages"
"Scopus","SCOPUS_ID:85214085855",NA,"RETRACTED: Sustaining Rural Livelihoods Through Participatory Water Governance: A Review of Community-Driven Water Resource Management Models in East and Central Africa","Environmental Quality Management",2025,"10.1002/tqem.70023",9,"","Lema M.W.","constituency_representation"
"Scopus","SCOPUS_ID:85149885800",NA,"Legislative policymaking in Kenya","Governing Kenya Public Policy in Theory and Practice",2021,"10.1007/978-3-030-61784-4_5",3,"","Onyango G.","constituency_representation"
"Scopus","SCOPUS_ID:105005913039",NA,"Obstacles to Democracy in Sub-Saharan Africa: Key Challenges Seen Through a Sudanese Lens","Obstacles to Democracy in Sub Saharan Africa Key Challenges Seen Through A Sudanese Lens",2025,"10.1007/978-3-031-81174-6",2,"","Karamalla-Gaiballa N.","party_linkages"
"Scopus","SCOPUS_ID:105001585848",NA,"Power Sharing Following Violation-Marred Elections and Its Implication on the Protection of Human Rights in Africa","Ius Gentium",2025,"10.1007/978-3-031-81400-6_11",0,"","Sharifu A.","party_linkages"
"Scopus","SCOPUS_ID:105037349640",NA,"Global Publics, Political Parties and Morality: An Analysis Based on the World Values Survey","Springerbriefs in Political Science",2025,"10.1007/978-3-031-97551-6",0,"","Tausch A.","party_linkages"
"Scopus","SCOPUS_ID:105021320827",NA,"The Geopolitical Arrays of Digital Transformation in Uganda: Discourse, Homogeneity, and Territory","Postdigital Science and Education Switzerland",2025,"10.1007/978-3-031-99378-7_14",3,"","Gallagher M.","responsiveness_patronage"
"Scopus","SCOPUS_ID:105026572739",NA,"Beyond Populism and Polarization: The Permanent Crisis of the Supply Side of Politics","Contributions to Political Science",2025,"10.1007/978-3-032-06596-4_3",0,"","Luna J.P.","party_linkages"
"Scopus","SCOPUS_ID:105036724757",NA,"Regulatory Gaps and Reforms in South Africa’s Oversight: Political Financing, Terrorist Funding, and Cybercrime","Springer Proceedings in Business and Economics",2026,"10.1007/978-3-032-13388-5_8",0,"","Asvat A.","party_linkages"
"Scopus","SCOPUS_ID:105030009031",NA,"Social Structures and the Making of Museveni’s Civil-Authoritarian Regime in Uganda","Social Structures and the Making of Musevenis Civil Authoritarian Regime in Uganda",2026,"10.1007/978-3-032-14015-9",1,"","Bareebe G.","party_linkages; responsiveness_patronage"
"Scopus","SCOPUS_ID:105045438650",NA,"Comparative Electoral Politics and the Quest for Representation in West Asia and North Africa","Comparative Electoral Politics and the Quest for Representation in West Asia and North Africa",2026,"10.1007/978-981-95-3704-4",0,"","Ashwarya S.","responsiveness_patronage"
"Scopus","SCOPUS_ID:105019576064",NA,"Enchanted Urbanisms: Migration, witchcraft, cults, and the remaking of authority in rough African peri-urban frontiers","Dialectical Anthropology",2026,"10.1007/s10624-025-09798-4",0,"","Bhanye J.","responsiveness_patronage"
"Scopus","SCOPUS_ID:85191683968",NA,"Opening the black box of student government in authoritarian contexts: institutional work and intra-organisational conflicts in the Students’ Guild at Makerere University, Uganda","Higher Education",2025,"10.1007/s10734-024-01229-7",0,"","Felde A.K.","party_linkages"
"Scopus","SCOPUS_ID:105042312110",NA,"Understanding the Sensitivity of Party Identification Questions in Polarized African Contexts","Political Behavior",2026,"10.1007/s11109-025-10058-y",0,"","Davis J.M.","responsiveness_patronage"
"Scopus","SCOPUS_ID:85217193471",NA,"Broker Rhetoric and Persuasion in Clientelist Systems","Studies in Comparative International Development",2026,"10.1007/s12116-024-09452-0",0,"","Mueller L.","responsiveness_patronage"
"Scopus","SCOPUS_ID:105044008393",NA,"Mapping the uneven landscape: a spatial analysis of national sports stadium distribution in Ghana","SN Social Sciences",2026,"10.1007/s43545-026-01537-y",0,"","Ansah-Opoku K.O.","responsiveness_patronage"
"Scopus","SCOPUS_ID:105039480262",NA,"Quantifying the Effect of Partisanship on Citizens Collective Action Against Corruption in African Democracies: A Quasi-Experimental Approach","International Criminology",2026,"10.1007/s43576-025-00199-9",1,"","Oboro-Offerie R.A.","party_linkages; responsiveness_patronage"
"Scopus","SCOPUS_ID:105036972867",NA,"University libraries in the age of generative AI: Perceptions and usage among students in developing countries","Journal of Academic Librarianship",2026,"10.1016/j.acalib.2026.103253",2,"","Oladokun B.D.","responsiveness_patronage"
"Scopus","SCOPUS_ID:105029221653",NA,"The politics of informal settlements in African cities: Comparative insights from Accra, Freetown, Harare and Kampala","Cities",2026,"10.1016/j.cities.2026.106782",0,"","Hickey S.","responsiveness_patronage"
"Scopus","SCOPUS_ID:105039754458",NA,"Governance, patronage, and collapse: The tangled politics of building development in Lagos, Nigeria","Cities",2026,"10.1016/j.cities.2026.107244",0,"","Okunola O.H.","responsiveness_patronage"
"Scopus","SCOPUS_ID:105013100734",NA,"The political economy of least cost power planning in Kenya","Energy Policy",2025,"10.1016/j.enpol.2025.114819",5,"","Onsongo E.","responsiveness_patronage"
"Scopus","SCOPUS_ID:85216878249",NA,"Knowledge for change or more of the same? The role of policy knowledge systems in the Nationally Determined Contributions of Ghana, Kenya and South Africa","Environmental Science and Policy",2025,"10.1016/j.envsci.2025.104016",0,"","Boulle M.","constituency_representation"
"Scopus","SCOPUS_ID:85213014045",NA,"Confronting shifting energy landscapes and contested domestic politics: Ghana's national oil company and the global energy transition","Energy Research and Social Science",2025,"10.1016/j.erss.2024.103901",10,"","Tyce M.","responsiveness_patronage"
"Scopus","SCOPUS_ID:86000353146",NA,"Political accountability and development in Africa's resource economies","Extractive Industries and Society",2025,"10.1016/j.exis.2025.101634",6,"","Alence R.","responsiveness_patronage"
"Scopus","SCOPUS_ID:105033126958",NA,"Politics of forced eviction in China-Africa relations: A case of natural resource conflict in Ghana","Extractive Industries and Society",2026,"10.1016/j.exis.2026.101905",0,"","Ziaba I.H.","responsiveness_patronage"
"Scopus","SCOPUS_ID:105024689484",NA,"Navigating ‘mobility regimes’ through land-sea patron-client networks: The case of Fante's shark fishery in West Africa","Geoforum",2026,"10.1016/j.geoforum.2025.104519",1,"","Amadu I.","responsiveness_patronage"
"Scopus","SCOPUS_ID:105006993737",NA,"Opportunities or risks for civic education in electoral democracies? Evidence from Nigeria","International Journal of Educational Development",2025,"10.1016/j.ijedudev.2025.103316",1,"","Demarest L.","responsiveness_patronage"
"Scopus","SCOPUS_ID:105003199835",NA,"Interventions to improve skilled birth attendance in sub-Saharan Africa. What has been done, and what has worked? A narrative synthesis","Midwifery",2025,"10.1016/j.midw.2025.104426",4,"","Edu-Mensah M.","responsiveness_patronage"
"Scopus","SCOPUS_ID:85083451227",NA,"Social network analysis of practice adoption facing outbreaks of African Swine Fever","Preventive Veterinary Medicine",2020,"10.1016/j.prevetmed.2020.105008",9,"","Govoeyi B.","constituency_representation"
"Scopus","SCOPUS_ID:105038218523",NA,"Developmental neopatrimonialism and its discontents: Rethinking EPRDF'S Ethiopia","Research in Globalization",2026,"10.1016/j.resglo.2026.100349",0,"","Tesema G.M.","responsiveness_patronage"
"Scopus","SCOPUS_ID:105037738511",NA,"The youth manifesto towards Africa’s democratization","Social Sciences and Humanities Open",2026,"10.1016/j.ssaho.2026.102844",0,"","Mosha A.","party_linkages"
"Scopus","SCOPUS_ID:105044992660",NA,"How gender, power, and sexual relations shape women's access to fish in the fish supply chain of Lake Kivu, DRC","World Development Perspectives",2026,"10.1016/j.wdp.2026.100817",0,"","Ezra M.A.","responsiveness_patronage"
"Scopus","SCOPUS_ID:85208262300",NA,"Can donors prevent aid misallocations? Evidence from Chinese and World Bank aid","World Development",2025,"10.1016/j.worlddev.2024.106811",4,"","André P.","responsiveness_patronage"
"Scopus","SCOPUS_ID:105024706090",NA,"Clientelist politics in Nigeria: Core voters, control and compliance","World Development",2026,"10.1016/j.worlddev.2025.107281",1,"","Zovighian D.","party_linkages; responsiveness_patronage"
"Scopus","SCOPUS_ID:105039046234",NA,"The mobilization curse? How oil wealth affects the composition of resistance episodes","World Development",2026,"10.1016/j.worlddev.2026.107456",0,"","Johansen T.","party_linkages"
"Scopus","SCOPUS_ID:105034565036",NA,"Beyond Culture-Historical Models: Reframing Religious Change in Second–Third Century AD North Africa","Libyan Studies",2026,"10.1017/lis.2026.10038",0,"","D'Andrea B.","responsiveness_patronage"
"Scopus","SCOPUS_ID:105027549302",NA,"Political Parties and Democratic Deliberation: An Introduction","PS Political Science and Politics",2026,"10.1017/S1049096525101534",1,"","Gherghina S.","party_linkages"
"Scopus","SCOPUS_ID:105029982606",NA,"When political crises result in secularization: The secularist effects of the crisis in Côte d'Ivoire","Politics and Religion",2026,"10.1017/S1755048326100273",0,"","Ngimbous J.M.","party_linkages"
"Scopus","SCOPUS_ID:85205078926",NA,"The conditional effects of party system change on economic growth in Africa","Acta Politica",2026,"10.1057/s41269-024-00366-2",0,"","Nwokora Z.","party_linkages"
"Scopus","SCOPUS_ID:85208179036",NA,"Correction to: The conditional effects of party system change on economic growth in Africa (Acta Politica, (2026), 61, 1, (104-131), 10.1057/s41269-024-00366-2)","Acta Politica",2026,"10.1057/s41269-024-00377-z",0,"","Nwokora Z.","party_linkages"
"Scopus","SCOPUS_ID:105011976787",NA,"Elite and popular basis for legitimacy of democracy in Zambia since 1991","Canadian Journal of African Studies",2025,"10.1080/00083968.2025.2492382",0,"","Sishuwa S.","party_linkages"
"Scopus","SCOPUS_ID:105019175560",NA,"An Actor-Based Perspective On Informal Cross-Border Trading","Journal of Development Studies",2026,"10.1080/00220388.2025.2569391",1,"","Larsen M.M.","responsiveness_patronage"
"Scopus","SCOPUS_ID:105044777609",NA,"Anibue (“eyes open”): education, patronage, and chiefly authority in Asante","Paedagogica Historica",2026,"10.1080/00309230.2026.2700641",0,"","Brefo H.","responsiveness_patronage"
"Scopus","SCOPUS_ID:105037501569",NA,"The Geography of Constituency Service in an Autocracy: Evidence from Cameroon","Representation",2026,"10.1080/00344893.2026.2655274",0,"","Morse Y.L.","constituency_representation"
"Scopus","SCOPUS_ID:105032907113",NA,"Hybrid resilience: the entrenchment of semi-authoritarian rule under the guise of democratic consolidation in Central Africa: a comparative analysis of Chad and Gabon 2010–2025","Round Table",2026,"10.1080/00358533.2026.2641029",0,"","Lifongo M.","responsiveness_patronage"
"Scopus","SCOPUS_ID:85211082264",NA,"How racial inclusion undermines solidarities: on race, class, immigration and political mobilization","Ethnic and Racial Studies",2025,"10.1080/01419870.2024.2433032",3,"","Jones J.","party_linkages"
"Scopus","SCOPUS_ID:85217840478",NA,"Willing to be transparent? Assessing political parties’ commitment towards regulating party aid in South Africa","Policy Studies",2026,"10.1080/01442872.2025.2464659",0,"","Thuynsma H.A.","party_linkages"
"Scopus","SCOPUS_ID:105034639591",NA,"Building from below: the role of political parties in fostering resilience in an age of democratic decline","Policy Studies",2026,"10.1080/01442872.2026.2644909",1,"","Martin-Rozumiłowicz B.","party_linkages"
"Scopus","SCOPUS_ID:105033133267",NA,"Building party resilience: improving party aid in an age of democratic decline","Policy Studies",2026,"10.1080/01442872.2026.2644910",1,"","Casal Bértoa F.","party_linkages"
"Scopus","SCOPUS_ID:105039154568",NA,"Political preferences and candidate choice in party primaries in Ghana: a conjoint survey experiment","Journal of Contemporary African Studies",2026,"10.1080/02589001.2026.2651437",0,"","Osei A.","party_linkages; responsiveness_patronage"
"Scopus","SCOPUS_ID:105036692154",NA,"Egoism of the national bourgeoisie: exploring political party formation, ego politics and the challenge of governance in South Africa","Politikon",2026,"10.1080/02589346.2026.2653202",0,"","Radebe S.","party_linkages"
"Scopus","SCOPUS_ID:105023364437",NA,"The Causes and Impact of Famo Music Gang Violence in Lesotho","Journal of Southern African Studies",2025,"10.1080/03057070.2025.2577536",0,"","Letsie T.","party_linkages"
"Scopus","SCOPUS_ID:105030959120",NA,"Elite Contestation in South Africa, 2006–2018: The Making and Unmaking of a Power Elite","Journal of Southern African Studies",2025,"10.1080/03057070.2026.2626233",0,"","Chipkin I.","responsiveness_patronage"
"Scopus","SCOPUS_ID:85201281910",NA,"Street food vendor patronage in an emerging economy: An empirical study of undergraduates","Journal of International Food and Agribusiness Marketing",2025,"10.1080/08974438.2024.2390828",0,"","Ezeh P.C.","responsiveness_patronage"
"Scopus","SCOPUS_ID:105044173819",NA,"Postcolonial gender reckonings: far-right contestations and the struggle for gender transformation in South Africa","Journal of Gender Studies",2026,"10.1080/09589236.2026.2699186",0,"","Ndlovu H.","party_linkages"
"Scopus","SCOPUS_ID:105019982254",NA,"Accounting for Anti-corruption in Social and Environmental Accounting Research: Re-Centring Local Realities and Global Frameworks in Africa","Social and Environmental Accountability Journal",2025,"10.1080/0969160X.2025.2577680",2,"","Lauwo S.","responsiveness_patronage"
"Scopus","SCOPUS_ID:105024579610",NA,"South Africa’s non-alignment posture under the GNU: Still seeking multipolarity amid great power rivalry?","South African Journal of International Affairs",2025,"10.1080/10220461.2025.2599528",1,"","Otto L.","party_linkages"
"Scopus","SCOPUS_ID:105038343523",NA,"Linguistic Choices as Conveyors of Social Activism in the Tweets of Nigerian #EndBadGovernance Protesters","Howard Journal of Communications",2026,"10.1080/10646175.2026.2647889",0,"","Sunday A.B.","responsiveness_patronage"
"Scopus","SCOPUS_ID:105020759447",NA,"Factors affecting the form and shape of a functional political-administrative interface in a South African coalition-led metropolitan municipality","Administrative Theory and Praxis",2025,"10.1080/10841806.2025.2577620",0,"","Du Plessis A.R.","party_linkages"
"Scopus","SCOPUS_ID:86000385208",NA,"Weak party system institutionalization and autocratization: evidence from Tunisia","Democratization",2025,"10.1080/13510347.2024.2376633",6,"","Mutlu B.E.","party_linkages"
"Scopus","SCOPUS_ID:105031499896",NA,"Democratic resilience in Africa: elections, opposition, and social movements","Democratization",2026,"10.1080/13510347.2025.2612278",1,"","Gichohi M.","party_linkages"
"Scopus","SCOPUS_ID:105029978366",NA,"The politics of mayoral reselection under centralized candidate nominations in South Africa","Democratization",2026,"10.1080/13510347.2026.2623440",0,"","Farole S.","party_linkages"
"Scopus","SCOPUS_ID:85168687683",NA,"Populism and parliamentary opposition parties: the Economic Freedom Fighters party behaviour in the South African parliament","Journal of Legislative Studies",2025,"10.1080/13572334.2023.2247757",1,"","Mancebo A.","party_linkages"
"Scopus","SCOPUS_ID:105042555874",NA,"Ethnic parties and policy coalitions: legislative position-taking in Africa","Journal of Legislative Studies",2026,"10.1080/13572334.2026.2690867",0,"","Kim E.K.","party_linkages"
"Scopus","SCOPUS_ID:85199761729",NA,"Multilateral financial flows and state–business relations in Morocco","Mediterranean Politics",2025,"10.1080/13629395.2024.2380966",0,"","Boussaid F.","responsiveness_patronage"
"Scopus","SCOPUS_ID:105044082723",NA,"Opposition learning in the Middle East and North Africa: Comparative findings on mechanisms, sources, and effects","Mediterranean Politics",2026,"10.1080/13629395.2026.2700533",0,"","Bank A.","party_linkages"
"Scopus","SCOPUS_ID:105031372379",NA,"Playing with the State: Strategies of Hustling and Redistribution in the Equatoguinean Popular Music Economy","Journal of African Cultural Studies",2026,"10.1080/13696815.2026.2622670",0,"","Infante-Amate P.","responsiveness_patronage"
"Scopus","SCOPUS_ID:105043750312",NA,"Winnie Madikizela-Mandela Lives: Black Women, African Media, and the Subaltern Counterpublics on Mama Winnie’s Legacy","African Identities",2026,"10.1080/14725843.2026.2680269",0,"","Thames-Copeland T.","party_linkages"
"Scopus","SCOPUS_ID:105042399611",NA,"Bamiléképhobia and the production of identity under authoritarianism in Cameroon","African Identities",2026,"10.1080/14725843.2026.2684748",0,"","Pemunta N.V.","responsiveness_patronage"
"Scopus","SCOPUS_ID:105040582468",NA,"The right words: mapping the ideological language of authoritarian populism in post-apartheid South Africa","Globalizations",2026,"10.1080/14747731.2026.2669414",0,"","Love J.","party_linkages"
"Scopus","SCOPUS_ID:105023423774",NA,"Voters’ Perceptions of and Preferences for Political Party Brands: Evidence from South Africa","Journal of Political Marketing",2025,"10.1080/15377857.2025.2589191",1,"","Chuchu T.","party_linkages"
"Scopus","SCOPUS_ID:105042663558",NA,"Political Parties and Women’s Agency: Old Challenges and New Trends: Editors’ Introduction","Journal of Women Politics and Policy",2026,"10.1080/1554477X.2026.2675174",0,"","Sacchet T.","party_linkages"
"Scopus","SCOPUS_ID:105020364776",NA,"Logics of acquiring medicines from informal retailers in four African countries","Global Health Action",2025,"10.1080/16549716.2025.2574764",1,"","Wagnild J.M.","responsiveness_patronage"
"Scopus","SCOPUS_ID:105008966222",NA,"Does Ethnic Fractionalization Lead to Polarization? Introducing a new Dataset on Communal Party Affiliations","Ethnopolitics",2025,"10.1080/17449057.2025.2516905",2,"","Fraenkel J.","party_linkages"
"Scopus","SCOPUS_ID:85176086431",NA,"Determinants of swing voting in Africa: evidence from Ghana's elections","Journal of Elections Public Opinion and Parties",2025,"10.1080/17457289.2023.2277450",3,"","Taden J.","responsiveness_patronage"
"Scopus","SCOPUS_ID:85202559102",NA,"Regina Gelana Twala: a life written by others","Safundi",2025,"10.1080/17533171.2024.2346961",0,"","Cabrita J.","party_linkages"
"Scopus","SCOPUS_ID:85171678800",NA,"What Explains Voter Preferences in Transitional Tunisia? The Role of Particularistic Benefits","Journal of the Middle East and Africa",2023,"10.1080/21520844.2023.2244407",2,"","Benstead L.J.","constituency_representation"
"Scopus","SCOPUS_ID:85196663023",NA,"Do Islamist Parties Reach More Women? Party Institutionalization and Constituency Service in Algeria","Journal of the Middle East and Africa",2024,"10.1080/21520844.2024.2351765",0,"","Benstead L.J.","constituency_representation"
"Scopus","SCOPUS_ID:105029238802",NA,"Khedive Ismaʿil’s Imperialist Project in the Horn of Africa and Patronage for Christian Missionaries: The Case of Lazarist Catholics in the 1870s","Journal of the Middle East and Africa",2026,"10.1080/21520844.2025.2600759",0,"","Kim S.H.","responsiveness_patronage"
"Scopus","SCOPUS_ID:105036903959",NA,"Emergence of dark kitchens and factors shaping consumer patronage: a review","Research in Hospitality Management",2025,"10.1080/22243534.2025.2529294",1,"","Kyire S.K.C.","responsiveness_patronage"
"Scopus","SCOPUS_ID:105032897869",NA,"Political economy Nexus and Covid-19 pandemic in Africa: analysis of trans-border small scale women businesses","Cogent Social Sciences",2026,"10.1080/23311886.2024.2303808",0,"","Mbaegbu C.C.","responsiveness_patronage"
"Scopus","SCOPUS_ID:105015821646",NA,"Politicising violent gangs in selected Southern African countries: a comparative review of violent crime","Cogent Social Sciences",2025,"10.1080/23311886.2025.2556472",1,"","Mangai M.S.","responsiveness_patronage"
"Scopus","SCOPUS_ID:105016755016",NA,"Messages Matter: How Voter Education Campaigns Affect Citizens’ Willingness to Vote for Women","Journal of Politics",2026,"10.1086/734252",0,"","Ofosu G.K.","responsiveness_patronage"
"Scopus","SCOPUS_ID:105022950874",NA,"Solidarity and Pressure: The Story of the Irish Anti-Apartheid Movement","Solidarity and Pressure the Story of the Irish Anti Apartheid Movement",2025,"10.1093/9780191991073.001.0001",0,"","Parr C.","party_linkages"
"Scopus","SCOPUS_ID:105009197700",NA,"Voice in Local Development: Participation, Empowerment, and Accountability in Kenya","Voice in Local Development Participation Empowerment and Accountability in Kenya",2025,"10.1093/9780198930624.001.0001",1,"","Touchton M.","responsiveness_patronage"
"Scopus","SCOPUS_ID:85199483907",NA,"WHAT DO VOTERS WANT FROM THEIR LEGISLATORS? EVIDENCE FROM GHANA","African Affairs",2024,"10.1093/afraf/adae013",9,"","Ofosu G.K.","constituency_representation"
"Scopus","SCOPUS_ID:105008690847",NA,"The Borders of Migrant and Refugee Activism in South Africa","Journal of Refugee Studies",2025,"10.1093/jrs/fead094",4,"","Vanyoro K.","party_linkages"
"Scopus","SCOPUS_ID:105018202369",NA,"When politicians feel pressure to represent: Evidence from South Africa","Parliamentary Affairs",2025,"10.1093/pa/gsae046",2,"","Mugglin L.","responsiveness_patronage"
"Scopus","SCOPUS_ID:105002718841",NA,"Consumption of herbal medicine in Sub-Sahara Africa: a case from Ghana","International Journal of Pharmaceutical and Healthcare Marketing",2025,"10.1108/IJPHM-07-2024-0067",1,"","Naatu F.","responsiveness_patronage"
"Scopus","SCOPUS_ID:105035554027",NA,"Beyond handy: continued intention towards using same-day delivery shopping apps","International Journal of Retail and Distribution Management",2026,"10.1108/IJRDM-12-2024-0659",1,"","Cunningham N.","responsiveness_patronage"
"Scopus","SCOPUS_ID:105038314202",NA,"Transforming West African militia networks for postwar recovery","Comparative Social Research",2025,"10.1108/S0195-6310(2010)0000027009",0,"","Reno W.","responsiveness_patronage"
"Scopus","SCOPUS_ID:105027454989",NA,"Natural resources, international regimes and state-building: Diamonds in west Africa","Comparative Social Research",2025,"10.1108/S0195-6310(2010)0000027013",0,"","Grant J.A.","responsiveness_patronage"
"Scopus","SCOPUS_ID:105024999929",NA,"South Africa at the End of Neoliberalism? “Gangster Capitalism”, Rentier Accumulation, and the Transformation of Labour Politics after the Failure of Industrial-Export Development","Antipode",2026,"10.1111/anti.70106",0,"","Abrams N.","responsiveness_patronage"
"Scopus","SCOPUS_ID:105044481842",NA,"Resource wealth, regional neglect and fragile peace: Rethinking the political economy of Africa's resource frontiers","Development Policy Review",2026,"10.1111/dpr.70085",0,"","Genetu Y.","responsiveness_patronage"
"Scopus","SCOPUS_ID:85186406355",NA,"Constituency Focus in Party-Centered Systems: How Individual, Party, and District-Level Factors Shape Parliamentary Questions in South Africa","Legislative Studies Quarterly",2024,"10.1111/lsq.12453",13,"","Sanches E.R.","constituency_representation"
"Scopus","SCOPUS_ID:85207026144",NA,"Closer to the people? Determinants of citizen–MP contact in Africa","Legislative Studies Quarterly",2025,"10.1111/lsq.12485",1,"","Demarest L.","responsiveness_patronage"
"Scopus","SCOPUS_ID:86000010279",NA,"Cultural Diffusion and Democracy: What Lessons in Sub-Saharan Africa's Experience?","Politics and Policy",2025,"10.1111/polp.70012",1,"","Ondoua Beyene B.","party_linkages"
"Scopus","SCOPUS_ID:85208597681",NA,"Testing the effects of merit appointments and bureaucratic autonomy on governmental performance: Evidence from African bureaucracies","Public Administration Review",2025,"10.1111/puar.13896",12,"","Fernandez S.","responsiveness_patronage"
"Scopus","SCOPUS_ID:105023312111",NA,"Natural Resources and Political Patronage in Africa: An Ethnicity Level Analysis","Review of Development Economics",2026,"10.1111/rode.70096",0,"","Bhattacharyya S.","responsiveness_patronage"
"Scopus","SCOPUS_ID:105045540117",NA,"Exploring Counter-Imaging in Online Political Advertisements During Elections Campaigns: A Case of South African Main Opposition Parties","Studies in Media and Communication",2025,"10.11114/smc.v13i4.7772",1,"","Thatelo M.T.","party_linkages"
"Scopus","SCOPUS_ID:105031970085",NA,"Catwalk to Consumer: Critical Communication Considerations for Fashion Designers to Achieve Omnichannel Success in South Africa and Germany","Studies in Media and Communication",2026,"10.11114/smc.v14i3.7951",0,"","Pooe B.","responsiveness_patronage"
"Scopus","SCOPUS_ID:105034204197",NA,"Where Women Give Birth Is Changing in Sub-Saharan Africa: Evidence From 30 Countries Using DHS Data","Journal of Pregnancy",2026,"10.1155/jp/2785076",0,"","Bawuah A.","responsiveness_patronage"
"Scopus","SCOPUS_ID:105038247506",NA,"Disparities of Electoral Violence in Ghana: Its Geographical Characterization and Socio-demographic and Political Implications","African Review Tanzania",2026,"10.1163/1821889x-bja10171",0,"","Dumedah G.","party_linkages"
"Scopus","SCOPUS_ID:105014726910",NA,"Foreign Policy Analysis: South Africa’s Post-Apartheid Foreign Policy","Afrika Focus",2026,"10.1163/2031356x-2025xx02",0,"","Kipo-Sunyehzi D.D.","party_linkages"
"Scopus","SCOPUS_ID:105039492605",NA,"Patronage Politicking in Africa: A Scoping Review of Emerging Issues of Clientelism and Prebendalism in South Africa, Nigeria and Zimbabwe","Afrika Focus",2026,"10.1163/2031356x-20260101",0,"","Ayodele A.A.","responsiveness_patronage"
"Scopus","SCOPUS_ID:105044322890",NA,"The Extraversion of African Academic Journals: Donors, Dependencies, and Multinational Publishers","Africa Spectrum",2026,"10.1177/00020397261468822",0,"","Kitchen S.","responsiveness_patronage"
"Scopus","SCOPUS_ID:105029221565",NA,"Political Party Funding, State Capture, and Reforms in West African Democracies","American Behavioral Scientist",2026,"10.1177/00027642251394641",0,"","Philip S.F.","party_linkages"
"Scopus","SCOPUS_ID:105040812095",NA,"The Belt and Road Initiative and East Africa’s Regional Transport Infrastructure Development and Integration: Where Is the African Agency?","China Report",2026,"10.1177/00094455261449425",0,"","Githaiga N.","responsiveness_patronage"
"Scopus","SCOPUS_ID:105002264703",NA,"Addressing the gender gap: Impact of institutions on women’s political participation in Africa","International Journal of Comparative Sociology",2025,"10.1177/00207152241253206",6,"","Tambe E.B.","party_linkages"
"Scopus","SCOPUS_ID:85181200886",NA,"Press and Politics: Contributions of Sol Plaatje to South African Journalism","Journal of Asian and African Studies",2025,"10.1177/00219096231218447",2,"","Salawu A.","party_linkages"
"Scopus","SCOPUS_ID:85217863089",NA,"Beleaguered Opposition Politics in Southern Africa","Journal of Asian and African Studies",2026,"10.1177/00219096251313547",0,"","de Jager N.","party_linkages"
"Scopus","SCOPUS_ID:105002955075",NA,"Power, Patronage, and Reform: The Bongo Family’s Rule and Gabon’s Political Transition","Journal of Asian and African Studies",2026,"10.1177/00219096251332952",3,"","Zhuang R.","responsiveness_patronage"
"Scopus","SCOPUS_ID:105013193919",NA,"Opposition Parties’ Coalition-Building: Prospects and Challenges in Zimbabwean Electoral Body Politic","Journal of Asian and African Studies",2026,"10.1177/00219096251344803",0,"","Munhuweyi K.T.","party_linkages"
"Scopus","SCOPUS_ID:105028323229",NA,"Legacies of Power: A Comparison of Post-Colonial Party Dominance in Namibia and South Africa","Journal of Asian and African Studies",2026,"10.1177/00219096251380758",0,"","Alberts K.","responsiveness_patronage"
"Scopus","SCOPUS_ID:105010589501",NA,"Living in Fear? Political Violence and Authoritarian Attitudes Among Politicians in South Africa","Journal of Conflict Resolution",2026,"10.1177/00220027251353717",1,"","Lockwood S.","party_linkages"
"Scopus","SCOPUS_ID:105032460771",NA,"Towards Issue-Based Party Politics in Ghana","Alternatives",2026,"10.1177/03043754251352080",1,"","Dankwa G.A.","party_linkages"
"Scopus","SCOPUS_ID:105034751925",NA,"Intraparty violence: A refined conceptualization and evidence from Africa and South Asia","Conflict Management and Peace Science",2026,"10.1177/07388942261434044",0,"","Tabassum F.","party_linkages"
"Scopus","SCOPUS_ID:105040686902",NA,"The collapse of Ghana Airways and Nigeria Airways – A (colonial) historical perspective","Accounting History",2026,"10.1177/10323732261451544",1,"","Lassou P.J.C.","responsiveness_patronage"
"Scopus","SCOPUS_ID:85205904158",NA,"Political Knowledge in the Context of Changing Institutions","Political Research Quarterly",2025,"10.1177/10659129241289600",1,"","Vidotto S.","party_linkages"
"Scopus","SCOPUS_ID:85212678339",NA,"Parties and Coalition Governance in Presidential Democracies","Political Research Quarterly",2025,"10.1177/10659129241309092",4,"","Thijm J.","party_linkages"
"Scopus","SCOPUS_ID:85111298541",NA,"Elite clientelism in Nigeria: The role of parties in weakening legislator-voter ties","Party Politics",2022,"10.1177/13540688211030219",24,"","Demarest L.","constituency_representation"
"Scopus","SCOPUS_ID:85217853048",NA,"Negative sanctions don’t work (mostly): An analysis of gender quota sanctions in Africa","Party Politics",2026,"10.1177/13540688251320625",1,"","Blaxland J.","party_linkages"
"Scopus","SCOPUS_ID:105036052209",NA,"Partisanship, party systems, and understandings of democracy across Africa","Party Politics",2026,"10.1177/13540688261444621",0,"","Hern E.","party_linkages; responsiveness_patronage"
"Scopus","SCOPUS_ID:105039673639",NA,"Populist electoral success and party system concentration: A cross-national analysis","Party Politics",2026,"10.1177/13540688261454105",0,"","Surdea-Hernea V.","party_linkages"
"Scopus","SCOPUS_ID:105021274369",NA,"EU Migration Governance Beyond Its Borders: Informal Migration Diplomacy in Lebanon’s Syria Refugee Response, 2012–2024","Progress in Development Studies",2025,"10.1177/14649934251388773",2,"","Knudsen A.J.","responsiveness_patronage"
"Scopus","SCOPUS_ID:105010441937",NA,"An evaluation of the impacts of health insurance coverage on wealth stratification in some selected sub-Saharan countries","Health Economics Review",2025,"10.1186/s13561-025-00629-4",1,"","Malik A.A.","responsiveness_patronage"
"Scopus","SCOPUS_ID:105010760368",NA,"Regionalism in crisis: Patronage, elite politics, and the fragmentation of West African integration","Journal of Global Faultlines",2025,"10.13169/jglobfaul.12.1.0007",0,"","Gideon G.L.","responsiveness_patronage"
"Scopus","SCOPUS_ID:105033800874",NA,"Cabinet Size and Governance in Southern Africa","Asian Journal of Human Services",2026,"10.14391/ajhs.e3001.1.004",0,"","Banda D.J.C.","responsiveness_patronage"
"Scopus","SCOPUS_ID:105031925880",NA,"Unethical leadership in the South African public sector tender processes through the lens of game theory","International Journal of Business Governance and Ethics",2026,"10.1504/IJBGE.2026.151978",0,"","Thagakane T.","responsiveness_patronage"
"Scopus","SCOPUS_ID:105041264570",NA,"The origins of today's political parties in Africa","De Gruyter Contemporary Social Sciences Handbooks",2026,"10.1515/9783111170015-006",0,"","Beardsworth N.","party_linkages"
"Scopus","SCOPUS_ID:105040952340",NA,"Party organization and finance in the MENA region","De Gruyter Contemporary Social Sciences Handbooks",2026,"10.1515/9783111170015-010",0,"","Resta V.","party_linkages; responsiveness_patronage"
"Scopus","SCOPUS_ID:105040974915",NA,"The price of the party: How finance shapes political organization in sub-Saharan Africa","De Gruyter Contemporary Social Sciences Handbooks",2026,"10.1515/9783111170015-011",0,"","Cheeseman N.","party_linkages; responsiveness_patronage"
"Scopus","SCOPUS_ID:105041088967",NA,"The functions of parties in the MENA: The state perspective: From irrelevance to punching bag?","De Gruyter Contemporary Social Sciences Handbooks",2026,"10.1515/9783111170015-015",0,"","Cavatorta F.","party_linkages"
"Scopus","SCOPUS_ID:105041075364",NA,"African political parties: A citizens' perspective","De Gruyter Contemporary Social Sciences Handbooks",2026,"10.1515/9783111170015-019",0,"","Krönke M.","party_linkages; responsiveness_patronage"
"Scopus","SCOPUS_ID:105041112171",NA,"The intersection of traditional cleavages and post-materialist values in the Middle East and North Africa","De Gruyter Contemporary Social Sciences Handbooks",2026,"10.1515/9783111170015-020",0,"","Del Moral L.G.","party_linkages"
"Scopus","SCOPUS_ID:105043900829",NA,"South Africa’s seventh democratic administration (2024–2029) – a political environmental survey and future perspectives","Tydskrif Vir Geesteswetenskappe",2026,"10.17159/TGW.2026.66.2.3323",0,"","Duvenhage A.","party_linkages"
"Scopus","SCOPUS_ID:105009433023",NA,"Racism in South African Schools: A Media Case Study","Journal of Communication and Media Studies",2025,"10.18848/2470-9247/CGP/v10i02/23-45",0,"","de Wet C.","party_linkages"
"Scopus","SCOPUS_ID:105008008232",NA,"“BIG MAN” OF EAST AFRICA: NATIONAL ISSUE IN KENYA","World Economy and International Relations",2025,"10.20542/0131-2227-2025-69-6-127-136",0,"","Turinskaya K.M.","party_linkages"
"Scopus","SCOPUS_ID:105018779512",NA,"Son of Struggling Africa: On the Centenary of Patrice Lumumba’s Birth (July 2, 1925 — January 17, 1961)","Vestnik Rudn International Relations",2025,"10.22363/2313-0660-2025-25-3-339-354",1,"","Ponomarenko L.V.","party_linkages"
"Scopus","SCOPUS_ID:105028172819",NA,"Balancing Individual Political Rights and Institutional Integrity in an Islamic Constitutional Perspective on Party Switching in Indonesia","El Mashlahah",2025,"10.23971/el-mashlahah.v15i2.9995",5,"","Sugirman A.","party_linkages"
"Scopus","SCOPUS_ID:105024207292",NA,"RELATIONS BETWEEN THE PEOPLE'S REPUBLIC OF CHINA AND GUINEA-BISSAU BETWEEN DIPLOMACY, ECONOMY AND SECURITY","Janus Net",2025,"10.26619/1647-7251.16.2.21",0,"","Gnerre O.M.","party_linkages"
"Scopus","SCOPUS_ID:85218790200",NA,"Sentiment analysis using unsupervised learning for local government elections in South Africa","Ejournal of Edemocracy and Open Government",2025,"10.29379/jedem.v17i1.945",2,"","Matloga P.","party_linkages"
"Scopus","SCOPUS_ID:105013886251",NA,"“We See What Men Don’t See”: Reflections of Women Cabinet Ministers from The Gambia, Liberia, and Sierra Leone1","Africa Today",2025,"10.2979/at.00035",1,"","Bauer G.","party_linkages"
"Scopus","SCOPUS_ID:105042664436",NA,"FACTORS OF DESTABILIZATION IN ASIA AND AFRICA","Vostok Oriens",2026,"10.31696/S086919080038306-3",0,"","Korotayev А.V.","party_linkages"
"Scopus","SCOPUS_ID:105023159440",NA,"Political Brand Equity of South African Political Parties on X during the 2021 Municipal Elections: A Political Discourse Analysis","African Renaissance",2025,"10.31920/2516-5305/2025/22n4a1",0,"","Thatelo M.T.","party_linkages"
"Scopus","SCOPUS_ID:105023151505",NA,"Investigating the Dynamics of Election-Related Violence in the 2016 South African Local Government Polls","African Renaissance",2025,"10.31920/2516-5305/2025/22n4a2",0,"","Tumba T.D.","responsiveness_patronage"
"Scopus","SCOPUS_ID:105023467169",NA,"The Challenges of Political Party Funding in South Africa","African Renaissance",2025,"10.31920/2516-5305/2025/22n4a3",0,"","Mampane P.M.","party_linkages"
"Scopus","SCOPUS_ID:105023150087",NA,"The Igbo Political Ideology: Party Politics and Social Institutions of the Old Biafra Society","African Renaissance",2025,"10.31920/2516-5305/2025/22n4a9",0,"","Uba-Uzoagwa O.P.","party_linkages"
"Scopus","SCOPUS_ID:105016336610",NA,"Inside the Student Representative Council (SRC) Elections Campaigns at (a Historically Black South African University): 2015 to 2020","African Renaissance",2025,"10.31920/2516-5305/2025/sin1a19",0,"","Vuma S.L.","responsiveness_patronage"
"Scopus","SCOPUS_ID:105016407483",NA,"Political Implications of Digitalised Electoral Systems in Africa","African Renaissance",2025,"10.31920/2516-5305/2025/sin1a3",0,"","Ndlovu J.","party_linkages"
"Scopus","SCOPUS_ID:105016322587",NA,"The Impact of Political Corruption on Governance in Africa: A Qualitative Analysis","African Renaissance",2025,"10.31920/2516-5305/2025/sin1a9",1,"","Sylvester M.M.","responsiveness_patronage"
"Scopus","SCOPUS_ID:105034433447",NA,"Policy transfer, the presource curse and the rise of premature Sovereign Wealth Funds in Africa: The case of Zimbabwe","African Renaissance",2026,"10.31920/2516-5305/2026/23n1a10",0,"","Matambo M.","responsiveness_patronage"
"Scopus","SCOPUS_ID:105042618326",NA,"The Governance Crisis: Social Costs of Corruption and Political Patronage in South Africa","African Renaissance",2026,"10.31920/2516-5305/2026/23n2a8",0,"","Maela K.D.","responsiveness_patronage"
"Scopus","SCOPUS_ID:105036569577",NA,"Modelling the Professionalisation of South African Municipalities: A Systematic, Thematic Literature Review Approach","African Journal of Public Administration and Environmental Studies",2025,"10.31920/2753-3182/2025/v4n2a8",0,"","Langa V.G.","responsiveness_patronage"
"Scopus","SCOPUS_ID:105044372902",NA,"Is South Africa a Syndicate Society? Post-Democracy Reflections","African Journal of Public Administration and Environmental Studies",2026,"10.31920/2753-3182/2026/v5n2a13",0,"","Leopeng K.","responsiveness_patronage"
"Scopus","SCOPUS_ID:105043913788",NA,"Coalition Government on the Governance of South African Municipalities: Opportunities and Challenges","African Journal of Public Administration and Environmental Studies",2026,"10.31920/2753-3182/2026/v5n2a15",0,"","Pillay R.M.","party_linkages"
"Scopus","SCOPUS_ID:105043962745",NA,"An Examination of Factors Influencing Public Policy: A South African Perspective","African Journal of Public Administration and Environmental Studies",2026,"10.31920/2753-3182/2026/v5n2a16",0,"","Mahole E.","party_linkages"
"Scopus","SCOPUS_ID:85215989647",NA,"Challenges of osteosarcoma care in Africa: a scoping review of the burden, management and outcome","Ecancermedicalscience",2025,"10.3332/ecancer.2025.1835",3,"","Olajugba O.J.","responsiveness_patronage"
"Scopus","SCOPUS_ID:105016520048",NA,"Opinion leadership, threats, and enhancers to social cohesion and unity of South Africans and African immigrants in the post-apartheid era","Frontiers in Human Dynamics",2025,"10.3389/fhumd.2025.1593592",0,"","Maseng J.O.","party_linkages"
"Scopus","SCOPUS_ID:105031477374",NA,"The securitization of African immigrants in South Africa","Frontiers in Political Science",2026,"10.3389/fpos.2026.1719953",0,"","Sibanda S.","party_linkages"
"Scopus","SCOPUS_ID:105042733465",NA,"Partner disclosure willingness and HIV advocacy engagement among men in rural Ghana: a Bayesian logistic regression analysis","Frontiers in Public Health",2026,"10.3389/fpubh.2026.1853356",0,"","Lasong J.","responsiveness_patronage"
"Scopus","SCOPUS_ID:105025588539",NA,"Sustaining rural livelihoods through participatory water governance: a review of community-driven water resource management models in East and Central Africa","Frontiers in Water",2025,"10.3389/frwa.2025.1704600",4,"","Lema M.W.","constituency_representation"
"Scopus","SCOPUS_ID:105028710695",NA,"Evolution of Urban Mosque Architecture in Nigeria: A Case Study of Ilorin Central Mosque","Buildings",2026,"10.3390/buildings16020421",0,"","Madandola M.","responsiveness_patronage"
"Scopus","SCOPUS_ID:105008884657",NA,"Social Media Campaign Strategies: A Case Study of Political Issue Framing by 2024 Presidential Candidates in Ghana","Journalism and Media",2025,"10.3390/journalmedia6020072",4,"","Tawiah A.","party_linkages"
"Scopus","SCOPUS_ID:105026145372",NA,"Lack Support Systems and Women’s Political Participation in South Africa","Social Sciences",2025,"10.3390/socsci14120693",2,"","Sokani A.","party_linkages"
"Scopus","SCOPUS_ID:85080934696",NA,"Museifying the slave trade and slavery in Zanzibar: Truth, untruth and uncertainty in the slave market","Ethnologie Francaise",2020,"10.3917/ethn.201.0109",1,"","Fouéré M.A.","constituency_representation"
"Scopus","SCOPUS_ID:85135328416",NA,"Reporting on the degradation of aquatic environments. The role of knowledge in the implementation of policies for the protection of water resources in sub- Saharan Africa","Geocarrefour",2022,"10.4000/geocarrefour.19353",2,"","Mitroi V.","constituency_representation"
"Scopus","SCOPUS_ID:85217822070",NA,"The impact of corporate environmental performance on consumer purchasing patronage: Evidence From South Africa","Diversity AI and Sustainability for Financial Growth",2025,"10.4018/979-8-3693-6011-8.ch014",0,"","Siwela W.","responsiveness_patronage"
"Scopus","SCOPUS_ID:105015191742",NA,"A dialogic reading of Luke 8:1–3","Hts Teologiese Studies Theological Studies",2025,"10.4102/hts.v81i1.10641",0,"","Hombana M.","responsiveness_patronage"
"Scopus","SCOPUS_ID:105018482180",NA,"Adapting prophetic sociopolitical witness to coalition governments in South Africa","Hts Teologiese Studies Theological Studies",2025,"10.4102/hts.v81i1.10721",0,"","Tucker A.R.","responsiveness_patronage"
"Scopus","SCOPUS_ID:85164245656",NA,"Point-of-care ultrasound: The new district focus","African Journal of Primary Health Care and Family Medicine",2023,"10.4102/PHCFM.V15I1.3576",2,"","Fourie L.","constituency_representation"
"Scopus","SCOPUS_ID:105043389926",NA,"Female gamblers within Ghanaian communities: Exploring attitudes to sports betting on the university campus","Journal of Gambling Issues",2026,"10.4309/FRUE6515",1,"","Konadu V.S.","responsiveness_patronage"
"Scopus","SCOPUS_ID:85187345074",NA,"DISEMPOWERING DEMOCRACY: Local representation in community and carbon forestry in Africa","Routledge Handbook of Community Forestry",2022,"10.4324/9780367488710-31",0,"","Ece M.","constituency_representation"
"Scopus","SCOPUS_ID:105034071019",NA,"AFRICAN POLITICS: An Introduction","African Politics an Introduction",2025,"10.4324/9781003221562",0,"","Falola T.","party_linkages"
"Scopus","SCOPUS_ID:105008618669",NA,"SOCIAL ACCOUNTABILITY MECHANISMS IN RESPONSE TO STATE CAPTURE IN SOUTH AFRICA","Routledge Handbook of Anti Corruption Research and Practice",2025,"10.4324/9781003303275-30",0,"","Schoeman A.","party_linkages"
"Scopus","SCOPUS_ID:105005039963",NA,"CONSTRUCTING RACIAL IDENTITY AND POWER IN MUSIC, CEREMONIAL PRACTICES, AND INDIGENOUS INSTRUMENTS IN EARLY MODERN AFRICAN KINGDOMS","Routledge Companion to Race in Early Modern Artistic Material and Visual Production",2025,"10.4324/9781003308645-16",1,"","Cole J.","constituency_representation"
"Scopus","SCOPUS_ID:105004964968",NA,"Non-developmental Neopatrimonialism in Guinea-Bissau and Political Instability","Political Instability in Guinea Bissau",2025,"10.4324/9781003467243-5",0,"","de Sousa R.R.P.","responsiveness_patronage"
"Scopus","SCOPUS_ID:105001760407",NA,"Africa-EU Migration at a Cross Road?","Africa the Eu and the Samoa Agreement Exploring African Agency Amid the New Scramble",2025,"10.4324/9781003503330-5",1,"","Akinola A.O.","party_linkages"
"Scopus","SCOPUS_ID:105005661380",NA,"Ujanja, Fraud, and Kenyan Moral Commons","Reconceiving Identities in Political Economy Decolonial Reconstellations Volume Three",2025,"10.4324/9781003517535-7",1,"","Musila G.A.","responsiveness_patronage"
"Scopus","SCOPUS_ID:105022535237",NA,"Democratic Performance in Africa and How Parliamentary Democracies Are Trailblazing the Rest in the Post-Pandemic Era","Democratic Recession Autocratic Resurgence and the Future of Governance in Africa",2025,"10.4324/9781003559764-10",0,"","Onyango G.","party_linkages"
"Scopus","SCOPUS_ID:105024168215",NA,"SECONDARY CITIES AT THE INTERFACE OF DISASTER RISK REDUCTION: Assessing Institutional Readiness in Undersieged Towns","Routledge Handbook of Resilient Urban Planning for Small and Medium Sized Cities",2025,"10.4324/9781003588801-17",0,"","Annobil D.K.","responsiveness_patronage"
"Scopus","SCOPUS_ID:105023734103",NA,"Youth Employment Programmes in Africa","Youth Employment Programmes in Africa",2025,"10.4324/9781003589501",1,"","Mabugu R.E.","responsiveness_patronage"
"Scopus","SCOPUS_ID:105021711479",NA,"Overview of Politics, Development, and Governance in South Africa","Development in Post Apartheid South Africa Political and Governance Considerations",2025,"10.4324/9781003629689-1",0,"","Mabizela H.","party_linkages"
"Scopus","SCOPUS_ID:105035936359",NA,"Elite loyalty, legislative productivity, or constituency service: Where lies the reward in intra-party competition in Ghana?","Democracy at the Crossroads Challenges for Governance and Representation Essays in Honour of Thomas Saalfeld",2026,"10.4324/9781003660248-7",0,"","Acheampong M.","constituency_representation; party_linkages; responsiveness_patronage"
"Scopus","SCOPUS_ID:105032079269",NA,"THE JOHANNESBURG BIENNALES: Chasing a fleeing shadow","Routledge Companion to Art Biennials",2026,"10.4324/9781003679950-21",0,"","Brinkmann T.M.","constituency_representation"
"Scopus","SCOPUS_ID:105044775943",NA,"Governance Context and Reorientation of Government","Public Administration in Africa Main Issues and Selected Country Studies",2026,"10.4324/9781003743293-2",10,"","Adamolekun L.","responsiveness_patronage"
"Scopus","SCOPUS_ID:105037785206",NA,"Economy of affection","Elgar Encyclopedia of African Politics",2026,"10.4337/9781035309306.00027",0,"","Hyden G.","party_linkages"
"Scopus","SCOPUS_ID:105037779745",NA,"Elections","Elgar Encyclopedia of African Politics",2026,"10.4337/9781035309306.00030",0,"","Morse Y.L.","responsiveness_patronage"
"Scopus","SCOPUS_ID:105037781598",NA,"Movement politics","Elgar Encyclopedia of African Politics",2026,"10.4337/9781035309306.00055",0,"","Rubongoya J.B.","party_linkages"
"Scopus","SCOPUS_ID:105037786281",NA,"Party financing","Elgar Encyclopedia of African Politics",2026,"10.4337/9781035309306.00060",0,"","Dendere C.","party_linkages; responsiveness_patronage"
"Scopus","SCOPUS_ID:105037782566",NA,"Party systems","Elgar Encyclopedia of African Politics",2026,"10.4337/9781035309306.00061",0,"","Ndlovu X.A.","party_linkages"
"Scopus","SCOPUS_ID:105037777165",NA,"Political accountability","Elgar Encyclopedia of African Politics",2026,"10.4337/9781035309306.00064",0,"","Alence R.","party_linkages; responsiveness_patronage"
"Scopus","SCOPUS_ID:105037782287",NA,"Political parties","Elgar Encyclopedia of African Politics",2026,"10.4337/9781035309306.00065",0,"","Krönke M.","party_linkages; responsiveness_patronage"
"Scopus","SCOPUS_ID:105037787317",NA,"Electoral systems, party systems and political representation in Africa","Elgar Encyclopedia of Political Representation",2026,"10.4337/9781035324828.00094",0,"","Sanches E.R.","party_linkages"
"Scopus","SCOPUS_ID:105037782019",NA,"Gender quotas","Elgar Encyclopedia of Political Representation",2026,"10.4337/9781035324828.00104",0,"","Pansardi P.","party_linkages"
"Scopus","SCOPUS_ID:105015752331",NA,"Politicisation and patronage in the South African public service: from apartheid to democracy","Handbook of Politicization and Political Patronage",2025,"10.4337/9781035326242.00017",0,"","Cameron R.","responsiveness_patronage"
"Scopus","SCOPUS_ID:105015622697",NA,"Political patronage in the Democratic Republic of the Congo","Handbook of Politicization and Political Patronage",2025,"10.4337/9781035326242.00040",1,"","Muhiya Tshombe J.M.L.","responsiveness_patronage"
"Scopus","SCOPUS_ID:105015841611",NA,"Development and determinants of patronage system and rentier elites in the Middle East and North Africa","Handbook of Politicization and Political Patronage",2025,"10.4337/9781035326242.00042",0,"","Ali H.E.","responsiveness_patronage"
"Scopus","SCOPUS_ID:105005245964",NA,"Progressive politics in the Middle East and North Africa: analysing the notions of modernity and backwardness through context","Handbook of Progressive Politics",2025,"10.4337/9781800880641.00013",0,"","Sigillò E.","party_linkages"
"Scopus","SCOPUS_ID:105018868727",NA,"Consumer Perceptions of Influencer Marketing: Business Insights and Leadership from the Retail Sector","Business Ethics and Leadership",2025,"10.61093/bel.9(3).96-108.2025",2,"","Msosa S.K.","responsiveness_patronage"
"Scopus","SCOPUS_ID:105031833165",NA,"Local Government Autonomy in South Africa: Governance, Service Delivery, and Development Agendas","Oida International Journal of Sustainable Development",2026,"10.64211/oidaijsd190105",0,"","Mamokhere J.","constituency_representation"
"Scopus","SCOPUS_ID:105043293843",NA,"Rethinking Comparative Media System Theory From Ghana: Toward a Patronage-Based Hybrid Model","International Journal of Communication",2026,"10.65476/x299pq90",0,"","Asiedu E.","responsiveness_patronage"
"Scopus","SCOPUS_ID:105037394864",NA,"“ANC and DA clash!” Conflicting political constellations in South Africa's Daily Sun and implications for public sphere discussions","Mediekultur",2026,"10.7146/mk.v42i80.142430",0,"","Siebörger I.","party_linkages"
"Scopus","SCOPUS_ID:105026425316",NA,"Politics woven as missionary craft: the carpets of the White Fathers and Sisters from the 1920s","Humanitarian Handicraft History Materiality and Trade C 18401980",2025,"10.7765/9781526188045_08",0,"","Taithe B.","responsiveness_patronage"
"Scopus","SCOPUS_ID:105042031682",NA,"Professionalisation of local administration and the right to political participation in the recent south african constitutional jurisprudence","Federalismi It",2026,NA,0,"","Rigobello G.","party_linkages"
"Scopus","SCOPUS_ID:85093522373",NA,"Intergenerational transmission of poverty: The role of agency in mitigating the impact for child headed households - A case of zola, Soweto (South Africa)","African Journal of Social Work",2020,NA,2,"","Agere L.M.","constituency_representation"
